id,sku,supplier,target_stock,trigger_point,order_qty
1,OH6780N,GLZGQJ Limited,2300,1730,1150
2,XL9422G,AIDOZP Limited,3300,2480,1650
3,GX3546P,HCYDEO Limited,4400,3300,2200
4,YZ7355O,YGPBAM Limited,600,450,300
5,OB7190K,GGBLEB Limited,2400,1800,1200
6,KE3407G,DMLKAP Limited,1800,1350,900
7,QQ9111Q,NGDMHB Limited,1000,750,500
8,KE1018R,NIILJQ Limited,2000,1500,1000
9,YM1999M,MLHRGX Limited,200,150,100
10,PI3637O,KPJQZE Limited,5000,3750,2500
11,EC1276R,FMLQKI Limited,3200,2400,1600
12,CG2885R,LIKEIL Limited,3200,2400,1600
13,JH6523E,BKFRAK Limited,3400,2550,1700
14,FM6612Z,GYXNJM Limited,3900,2930,1950
15,IY6179O,JNFYAI Limited,2600,1950,1300
16,PX9539I,OBRERL Limited,2600,1950,1300
17,LB2451G,OBLZCY Limited,1800,1350,900
18,XN6480Z,NBKNKY Limited,2500,1880,1250
19,JK7643O,AEGEQX Limited,3300,2480,1650
20,DG6344K,PBAOLR Limited,200,150,100
21,JB3210Z,QBKOYI Limited,4300,3230,2150
22,NC2084D,YKKFMC Limited,100,80,50
23,QH9883Z,MRZDGX Limited,3500,2630,1750
24,LO5915R,PQDKMO Limited,3100,2330,1550
25,BA8493A,MBGBXZ Limited,2100,1580,1050
26,JO7814I,MFLKGM Limited,2800,2100,1400
27,LE9908Q,FYOOXN Limited,4800,3600,2400
28,KL6668J,ICMFEH Limited,2800,2100,1400
29,GR2604R,RZQGRE Limited,800,600,400
30,NP7531P,FZEXLD Limited,4100,3080,2050
31,BB2176E,GLZGQJ Limited,1400,1050,700
32,OG8159L,AIDOZP Limited,3900,2930,1950
33,FI4335X,HCYDEO Limited,1200,900,600
34,XZ9133G,YGPBAM Limited,3200,2400,1600
35,EB5321L,GGBLEB Limited,3600,2700,1800
36,LL5976F,DMLKAP Limited,3800,2850,1900
37,ZI5594Q,NGDMHB Limited,1800,1350,900
38,EJ4045D,NIILJQ Limited,3800,2850,1900
39,XB9412I,MLHRGX Limited,1800,1350,900
40,FK1934K,KPJQZE Limited,100,80,50
41,KM1340Q,FMLQKI Limited,1600,1200,800
42,AX1211X,LIKEIL Limited,4400,3300,2200
43,GG8230F,JNFYAI Limited,4600,3450,2300
44,LP3226L,OBRERL Limited,4900,3680,2450
45,ZY1045B,OBLZCY Limited,1000,750,500
46,OA3626A,NBKNKY Limited,1500,1130,750
47,IL5743R,AEGEQX Limited,2700,2030,1350
48,NY1647K,PBAOLR Limited,3900,2930,1950
49,KB6251A,QBKOYI Limited,2700,2030,1350
50,EA5864R,YKKFMC Limited,1100,830,550
51,ZK3135E,MRZDGX Limited,1700,1280,850
52,OE6890G,PQDKMO Limited,600,450,300
53,GZ3115F,MBGBXZ Limited,1900,1430,950
54,MO5113O,MFLKGM Limited,700,530,350
55,BF6534J,FYOOXN Limited,800,600,400
56,YZ9830D,ICMFEH Limited,5000,3750,2500
57,YJ5757G,RZQGRE Limited,3100,2330,1550
58,XZ2147D,FZEXLD Limited,4200,3150,2100
59,GP4473I,GLZGQJ Limited,2500,1880,1250
60,GP9007J,AIDOZP Limited,4200,3150,2100
61,BD3751F,HCYDEO Limited,2200,1650,1100
62,JF2846Q,YGPBAM Limited,2700,2030,1350
63,DY7026N,GGBLEB Limited,3500,2630,1750
64,BM3992K,DMLKAP Limited,4300,3230,2150
65,DX9984E,AEGEQX Limited,1900,1430,950
66,OH3100B,PBAOLR Limited,4100,3080,2050
67,AG4558R,QBKOYI Limited,3600,2700,1800
68,ZR1963Z,YKKFMC Limited,3500,2630,1750
69,OC8995D,MRZDGX Limited,800,600,400
70,RC5576P,PQDKMO Limited,1800,1350,900
71,EC7849C,MBGBXZ Limited,2800,2100,1400
72,FX6782M,MFLKGM Limited,5000,3750,2500
73,RZ6051O,FYOOXN Limited,3900,2930,1950
74,JI7818Y,ICMFEH Limited,3900,2930,1950
75,NH2187C,RZQGRE Limited,5000,3750,2500
76,MB2052R,FZEXLD Limited,1200,900,600
77,HR3499H,GLZGQJ Limited,3500,2630,1750
78,MG3767X,AIDOZP Limited,500,380,250
79,HG6727E,HCYDEO Limited,800,600,400
80,FR2541A,YGPBAM Limited,4200,3150,2100
81,JC6362N,GGBLEB Limited,2200,1650,1100
82,LI5985B,DMLKAP Limited,4200,3150,2100
83,FD2227O,JNFYAI Limited,1400,1050,700
84,AZ7942G,OBRERL Limited,4000,3000,2000
85,GI8639Y,OBLZCY Limited,5000,3750,2500
86,MM9221B,NBKNKY Limited,1700,1280,850
87,KY5010N,AEGEQX Limited,1800,1350,900
88,ZX9171B,PBAOLR Limited,2600,1950,1300
89,IP3397Q,QBKOYI Limited,2100,1580,1050
90,YA5011E,YKKFMC Limited,900,680,450
91,CD3078E,MRZDGX Limited,4800,3600,2400
92,AF8053R,PQDKMO Limited,2000,1500,1000
93,IA1842F,MBGBXZ Limited,4500,3380,2250
94,MY6804Q,MFLKGM Limited,2700,2030,1350
95,RJ3935B,FYOOXN Limited,1800,1350,900
96,FB6385Q,ICMFEH Limited,4100,3080,2050
97,EI5711Y,RZQGRE Limited,3600,2700,1800
98,FY5640D,FZEXLD Limited,3600,2700,1800
99,EX5488J,GLZGQJ Limited,5000,3750,2500
100,JQ1503C,AIDOZP Limited,1000,750,500
101,EM7299R,HCYDEO Limited,2900,2180,1450
102,LQ5511D,YGPBAM Limited,700,530,350
103,PA8497G,GGBLEB Limited,3700,2780,1850
104,GO1272M,DMLKAP Limited,4200,3150,2100
105,KH7658Q,MRZDGX Limited,4000,3000,2000
106,KZ1005F,PQDKMO Limited,4100,3080,2050
107,HJ2839A,MBGBXZ Limited,1400,1050,700
108,DR4687E,MFLKGM Limited,4400,3300,2200
109,IE1574P,FYOOXN Limited,4600,3450,2300
110,BE2281K,ICMFEH Limited,2500,1880,1250
111,CF2119B,RZQGRE Limited,2400,1800,1200
112,PH5296F,FZEXLD Limited,4200,3150,2100
113,RH3256J,GLZGQJ Limited,1100,830,550
114,OH5879K,AIDOZP Limited,4400,3300,2200
115,RG2304Q,HCYDEO Limited,3700,2780,1850
116,FQ3582X,YGPBAM Limited,4100,3080,2050
117,PY6875L,GGBLEB Limited,300,230,150
118,AM9167O,DMLKAP Limited,2800,2100,1400
119,HK7263H,NGDMHB Limited,2200,1650,1100
120,CF1429P,NIILJQ Limited,100,80,50
121,EZ6906R,MLHRGX Limited,3300,2480,1650
122,MA9760P,KPJQZE Limited,3400,2550,1700
123,IZ5692K,FMLQKI Limited,3500,2630,1750
124,PE2089D,LIKEIL Limited,3400,2550,1700
125,IL6095L,JNFYAI Limited,1800,1350,900
126,NR6380I,OBRERL Limited,3400,2550,1700
127,ZM3326Z,OBLZCY Limited,4000,3000,2000
128,MG1701P,NBKNKY Limited,3200,2400,1600
129,XJ3565X,AEGEQX Limited,3400,2550,1700
130,FM3736M,PBAOLR Limited,4200,3150,2100
131,AN4523A,QBKOYI Limited,3600,2700,1800
132,JO9313N,YKKFMC Limited,3900,2930,1950
133,ZE7892J,MRZDGX Limited,4500,3380,2250
134,RH1204R,PQDKMO Limited,3000,2250,1500
135,PM7632C,MBGBXZ Limited,4400,3300,2200
136,KL1905Z,MRZDGX Limited,2600,1950,1300
137,XK1672B,PQDKMO Limited,2300,1730,1150
138,AD2867I,MBGBXZ Limited,400,300,200
139,ZD5596M,MFLKGM Limited,400,300,200
140,NF2750R,FYOOXN Limited,1400,1050,700
141,LP1123C,ICMFEH Limited,400,300,200
142,AE8303F,RZQGRE Limited,3200,2400,1600
143,EN6578R,FZEXLD Limited,1500,1130,750
144,MR3777X,GLZGQJ Limited,1200,900,600
145,JQ9709R,AIDOZP Limited,2400,1800,1200
146,KD5409D,HCYDEO Limited,800,600,400
147,GY9655D,YGPBAM Limited,200,150,100
148,ZY7064H,GGBLEB Limited,2500,1880,1250
149,BY6663K,DMLKAP Limited,2700,2030,1350
150,FN6467Y,NGDMHB Limited,3000,2250,1500
151,NP5373J,NIILJQ Limited,300,230,150
152,MX3111F,MLHRGX Limited,2300,1730,1150
153,EZ9388M,KPJQZE Limited,200,150,100
154,YA7214O,FMLQKI Limited,400,300,200
155,BK9242X,LIKEIL Limited,4500,3380,2250
156,LC6739D,JNFYAI Limited,4500,3380,2250
157,DL5903F,OBRERL Limited,3000,2250,1500
158,YY8931X,OBLZCY Limited,600,450,300
159,RY4726G,NBKNKY Limited,2300,1730,1150
160,LR7280I,AEGEQX Limited,1900,1430,950
161,KB8240B,PBAOLR Limited,3900,2930,1950
162,LR8607X,QBKOYI Limited,600,450,300
163,BO4148O,YKKFMC Limited,3600,2700,1800
164,PF2495J,MRZDGX Limited,900,680,450
165,HY9105Z,PQDKMO Limited,200,150,100
166,ZX8749M,MBGBXZ Limited,2400,1800,1200
167,AH4208L,QBKOYI Limited,1900,1430,950
168,QQ9345J,YKKFMC Limited,4700,3530,2350
169,GB8719B,MRZDGX Limited,4600,3450,2300
170,MR4258E,PQDKMO Limited,3600,2700,1800
171,RP5005Y,MBGBXZ Limited,300,230,150
172,QN9016A,MRZDGX Limited,800,600,400
173,KB1782D,PQDKMO Limited,4500,3380,2250
174,YR9636G,QBKOYI Limited,500,380,250
175,HN8293A,YKKFMC Limited,1400,1050,700
176,MX5737Q,MRZDGX Limited,600,450,300
177,PD9558R,PQDKMO Limited,4900,3680,2450
178,LE2435A,MBGBXZ Limited,3500,2630,1750
179,ZO3606I,MRZDGX Limited,4300,3230,2150
180,QK7221I,PQDKMO Limited,2400,1800,1200
181,QQ8748P,QBKOYI Limited,1100,830,550
182,XH3284M,YKKFMC Limited,3500,2630,1750
183,QC6657N,MRZDGX Limited,3900,2930,1950
184,JR9253F,PQDKMO Limited,1800,1350,900
185,YL8673X,MBGBXZ Limited,2100,1580,1050
186,PP4230E,MRZDGX Limited,700,530,350
187,CM4952J,PQDKMO Limited,2600,1950,1300
188,AO5462H,QBKOYI Limited,300,230,150
189,OM3931E,YKKFMC Limited,500,380,250
190,ZG5767Q,MRZDGX Limited,1900,1430,950
191,OO8995Z,PQDKMO Limited,2600,1950,1300
192,HL7369O,MBGBXZ Limited,1800,1350,900
193,FL6113B,MRZDGX Limited,3200,2400,1600
194,QK1031B,PQDKMO Limited,700,530,350
195,LJ6537O,QBKOYI Limited,2500,1880,1250
196,FD2496Y,YKKFMC Limited,1200,900,600
197,EY2431L,MRZDGX Limited,4200,3150,2100
198,IE4455M,PQDKMO Limited,4500,3380,2250
199,NX4272Z,MBGBXZ Limited,4200,3150,2100
200,ZD3072D,MRZDGX Limited,4700,3530,2350
201,RE4844M,PQDKMO Limited,4800,3600,2400
202,MA5213N,QBKOYI Limited,1400,1050,700
203,QF8270B,YKKFMC Limited,1300,980,650
204,YE4954O,MRZDGX Limited,2000,1500,1000
205,EI7641O,PQDKMO Limited,300,230,150
206,NH7852B,MBGBXZ Limited,2100,1580,1050
207,BX5166L,MRZDGX Limited,1200,900,600
208,RG4956Z,PQDKMO Limited,300,230,150
209,HB9903M,QBKOYI Limited,2300,1730,1150
210,KX1483N,YKKFMC Limited,300,230,150
211,QA6662B,MRZDGX Limited,1000,750,500
212,NQ9144F,PQDKMO Limited,4800,3600,2400
213,LZ1862I,MBGBXZ Limited,2400,1800,1200
214,IH3234Z,MRZDGX Limited,3600,2700,1800
215,AA2959M,PQDKMO Limited,3400,2550,1700
216,CD4775F,QBKOYI Limited,1300,980,650
217,IL6451O,YKKFMC Limited,2700,2030,1350
218,NP7356H,MRZDGX Limited,3200,2400,1600
219,DO7444Q,PQDKMO Limited,1000,750,500
220,ZI4148I,MBGBXZ Limited,1700,1280,850
221,FP5705D,MRZDGX Limited,2000,1500,1000
222,OC1947B,PQDKMO Limited,4000,3000,2000
223,NX8320Q,QBKOYI Limited,2300,1730,1150
224,EN2188D,YKKFMC Limited,4800,3600,2400
225,RL7773Z,MRZDGX Limited,1100,830,550
226,DO5557J,PQDKMO Limited,2900,2180,1450
227,HM6128C,MBGBXZ Limited,100,80,50
228,XP1252A,MRZDGX Limited,900,680,450
229,LX9874A,PQDKMO Limited,1600,1200,800
230,RM7456K,QBKOYI Limited,1300,980,650
231,OC7288M,YKKFMC Limited,1500,1130,750
232,DZ2835L,MRZDGX Limited,3700,2780,1850
233,EO9568Z,PQDKMO Limited,1300,980,650
234,FK6908X,MBGBXZ Limited,3900,2930,1950
235,KL3793O,MRZDGX Limited,600,450,300
236,QR1071L,PQDKMO Limited,3600,2700,1800
237,GN4691P,QBKOYI Limited,900,680,450
238,PG7952N,YKKFMC Limited,2400,1800,1200
239,LI2365B,MRZDGX Limited,2200,1650,1100
240,ZD2975J,PQDKMO Limited,3800,2850,1900
241,AG3756P,MBGBXZ Limited,3800,2850,1900
242,NM4383Y,MRZDGX Limited,4600,3450,2300
243,FA5078A,PQDKMO Limited,4000,3000,2000
244,QQ3244E,QBKOYI Limited,300,230,150
245,AP8107R,YKKFMC Limited,2500,1880,1250
246,KC5320Q,MRZDGX Limited,400,300,200
247,KN1485N,PQDKMO Limited,900,680,450
248,JJ9258X,MBGBXZ Limited,3800,2850,1900
249,ZC4958I,MRZDGX Limited,4000,3000,2000
250,LK3017N,PQDKMO Limited,2900,2180,1450
251,YB7213K,QBKOYI Limited,2700,2030,1350
252,RX9124N,YKKFMC Limited,1200,900,600
253,MI8759N,MRZDGX Limited,3700,2780,1850
254,PZ2809Y,PQDKMO Limited,4800,3600,2400
255,CL2268X,MBGBXZ Limited,1100,830,550
256,BD7070F,MRZDGX Limited,100,80,50
257,NB4064E,PQDKMO Limited,3200,2400,1600
258,YY8371Q,QBKOYI Limited,2400,1800,1200
259,FG8572K,YKKFMC Limited,3200,2400,1600
260,ZL8783N,MRZDGX Limited,2900,2180,1450
261,DJ6818B,PQDKMO Limited,3900,2930,1950
262,EJ7576F,MBGBXZ Limited,2900,2180,1450
263,FY8235Y,MRZDGX Limited,3800,2850,1900
264,AR7016M,PQDKMO Limited,3600,2700,1800
265,YQ9594P,QBKOYI Limited,3500,2630,1750
266,ZY9000E,YKKFMC Limited,3100,2330,1550
267,HO1936L,MRZDGX Limited,2000,1500,1000
268,XD6496J,PQDKMO Limited,5000,3750,2500
269,LG2530L,MBGBXZ Limited,600,450,300
270,AK1495Z,MRZDGX Limited,4600,3450,2300
271,QD6798M,PQDKMO Limited,3400,2550,1700
272,NE6311C,QBKOYI Limited,4600,3450,2300
273,HK3203L,YKKFMC Limited,2900,2180,1450
274,DM9449Y,MRZDGX Limited,2900,2180,1450
275,ON9597O,PQDKMO Limited,3000,2250,1500
276,MO9148C,MBGBXZ Limited,1800,1350,900
277,OL2288Y,MRZDGX Limited,600,450,300
278,MD9036Y,PQDKMO Limited,2500,1880,1250
279,CX3598E,QBKOYI Limited,2500,1880,1250
280,XQ1464H,YKKFMC Limited,1000,750,500
281,OB4221J,MRZDGX Limited,300,230,150
282,HK3850C,PQDKMO Limited,2900,2180,1450
283,JC2543C,MBGBXZ Limited,3100,2330,1550
284,PM9699X,MRZDGX Limited,4200,3150,2100
285,QJ4424R,PQDKMO Limited,3700,2780,1850
286,XN7064H,QBKOYI Limited,1500,1130,750
287,ZK6152Z,YKKFMC Limited,1000,750,500
288,DD2858Y,MRZDGX Limited,3200,2400,1600
289,AD3937K,PQDKMO Limited,600,450,300
290,YX9413J,MBGBXZ Limited,1100,830,550
291,EG1064G,MRZDGX Limited,4900,3680,2450
292,XN5738N,PQDKMO Limited,1800,1350,900
293,HJ7582I,QBKOYI Limited,3900,2930,1950
294,MB3144R,YKKFMC Limited,1900,1430,950
295,OM8456O,MRZDGX Limited,3500,2630,1750
296,LF6871B,PQDKMO Limited,2700,2030,1350
297,CK5426J,MBGBXZ Limited,3200,2400,1600
298,JE8214Y,MRZDGX Limited,3100,2330,1550
299,GO4124L,PQDKMO Limited,3200,2400,1600
300,OY9608Y,QBKOYI Limited,3800,2850,1900
301,DM1509E,YKKFMC Limited,2900,2180,1450
302,PK8958I,MRZDGX Limited,600,450,300
303,QH3978N,PQDKMO Limited,300,230,150
304,BC1502F,MBGBXZ Limited,4100,3080,2050
305,RE7390G,MRZDGX Limited,2200,1650,1100
306,XD5716X,PQDKMO Limited,400,300,200
307,BX2315K,QBKOYI Limited,2100,1580,1050
308,IO5849Y,YKKFMC Limited,900,680,450
309,MY4110Q,MRZDGX Limited,1500,1130,750
310,NY6564H,PQDKMO Limited,2700,2030,1350
311,AH6543Y,MBGBXZ Limited,3300,2480,1650
312,QK9696O,MRZDGX Limited,1700,1280,850
313,PP3744K,PQDKMO Limited,2000,1500,1000
314,RO7444A,QBKOYI Limited,4000,3000,2000
315,FO7195G,YKKFMC Limited,3300,2480,1650
316,GB9011X,MRZDGX Limited,2400,1800,1200
317,OX9118H,PQDKMO Limited,4700,3530,2350
318,LI2430E,MBGBXZ Limited,3300,2480,1650
319,AR9726H,MRZDGX Limited,4400,3300,2200
320,MR1106J,PQDKMO Limited,2100,1580,1050
321,JZ2921E,QBKOYI Limited,3000,2250,1500
322,QC8019O,YKKFMC Limited,3100,2330,1550
323,XE8634D,MRZDGX Limited,600,450,300
324,AB7692J,PQDKMO Limited,4100,3080,2050
325,HZ3686R,MBGBXZ Limited,3600,2700,1800
326,CJ8023Q,MRZDGX Limited,4300,3230,2150
327,CH9004A,PQDKMO Limited,2100,1580,1050
328,AL2055X,QBKOYI Limited,400,300,200
329,QA6037B,YKKFMC Limited,1200,900,600
330,DF2378B,MRZDGX Limited,3900,2930,1950
331,IQ6456E,PQDKMO Limited,4600,3450,2300
332,LG9701A,MBGBXZ Limited,2600,1950,1300
333,ZC8152K,MRZDGX Limited,4700,3530,2350
334,KZ4454Q,PQDKMO Limited,2300,1730,1150
335,JL6652R,QBKOYI Limited,700,530,350
336,YO8828B,YKKFMC Limited,900,680,450
337,BF3298X,MRZDGX Limited,3200,2400,1600
338,GH5809M,PQDKMO Limited,2700,2030,1350
339,PN6167Q,MBGBXZ Limited,4500,3380,2250
340,LD7686F,MRZDGX Limited,3100,2330,1550
341,FY5481X,PQDKMO Limited,4000,3000,2000
342,FB4651Q,QBKOYI Limited,200,150,100
343,MA4197Z,YKKFMC Limited,4500,3380,2250
344,NH9052Z,MRZDGX Limited,1800,1350,900
345,DJ2466Y,PQDKMO Limited,1400,1050,700
346,QB6315P,MBGBXZ Limited,2400,1800,1200
347,AE2668Q,MRZDGX Limited,2700,2030,1350
348,EQ8806G,PQDKMO Limited,500,380,250
349,RF7313B,QBKOYI Limited,1600,1200,800
350,CB1926E,YKKFMC Limited,4100,3080,2050
351,QB6270Q,MRZDGX Limited,1100,830,550
352,XE4612J,PQDKMO Limited,5000,3750,2500
353,DX3631A,MBGBXZ Limited,2000,1500,1000
354,JH9574K,MRZDGX Limited,2700,2030,1350
355,JH6729D,PQDKMO Limited,4400,3300,2200
356,EH8172C,QBKOYI Limited,3400,2550,1700
357,CC7396I,YKKFMC Limited,400,300,200
358,KP2836O,MRZDGX Limited,3600,2700,1800
359,OP4673B,PQDKMO Limited,1100,830,550
360,BZ5751I,MBGBXZ Limited,700,530,350
361,YB2987N,MRZDGX Limited,100,80,50
362,AE1534H,PQDKMO Limited,3700,2780,1850
363,OD6971O,QBKOYI Limited,1700,1280,850
364,HA1974K,YKKFMC Limited,200,150,100
365,QO6492Q,MRZDGX Limited,1600,1200,800
366,GY8705I,PQDKMO Limited,4400,3300,2200
367,JJ3692O,MBGBXZ Limited,3600,2700,1800
368,RQ8519C,MRZDGX Limited,2800,2100,1400
369,YK6468Y,PQDKMO Limited,700,530,350
370,PG8096F,QBKOYI Limited,2100,1580,1050
371,PM7940Y,YKKFMC Limited,200,150,100
372,ME4933M,MRZDGX Limited,4900,3680,2450
373,YK2760E,PQDKMO Limited,100,80,50
374,CD8048P,MBGBXZ Limited,2300,1730,1150
375,II7444F,MRZDGX Limited,3300,2480,1650
376,FG3941Q,PQDKMO Limited,1900,1430,950
377,ZK1603K,QBKOYI Limited,2500,1880,1250
378,LB1702D,YKKFMC Limited,2500,1880,1250
379,QC6411M,MRZDGX Limited,4000,3000,2000
380,DG4123L,PQDKMO Limited,1500,1130,750
381,DJ9449Z,MBGBXZ Limited,4500,3380,2250
382,AC7594G,MRZDGX Limited,1800,1350,900
383,RB5369Z,PQDKMO Limited,2400,1800,1200
384,JK2946R,QBKOYI Limited,1900,1430,950
385,MQ3724Z,YKKFMC Limited,400,300,200
386,KC2980Z,MRZDGX Limited,2300,1730,1150
387,OA8001G,PQDKMO Limited,3200,2400,1600
388,QG2396O,MBGBXZ Limited,1300,980,650
389,GM7671J,MRZDGX Limited,4500,3380,2250
390,GM5617O,PQDKMO Limited,1800,1350,900
391,MD2177C,QBKOYI Limited,4600,3450,2300
392,OB6801H,YKKFMC Limited,1000,750,500
393,XQ7350D,MRZDGX Limited,5000,3750,2500
394,ED7471H,PQDKMO Limited,1900,1430,950
395,CB2829H,MBGBXZ Limited,4500,3380,2250
396,QI7374R,MRZDGX Limited,2800,2100,1400
397,RA8979M,PQDKMO Limited,200,150,100
398,RM8931K,QBKOYI Limited,500,380,250
399,XY8360G,YKKFMC Limited,2100,1580,1050
400,RI5085O,MRZDGX Limited,1500,1130,750
401,FJ4088L,PQDKMO Limited,2600,1950,1300
402,YG9445I,MBGBXZ Limited,4800,3600,2400
403,AC5162Y,MRZDGX Limited,4700,3530,2350
404,NQ5327K,PQDKMO Limited,4500,3380,2250
405,GH8517M,QBKOYI Limited,4100,3080,2050
406,EJ4832O,YKKFMC Limited,2900,2180,1450
407,YB2794N,MRZDGX Limited,2700,2030,1350
408,XM6687J,PQDKMO Limited,200,150,100
409,LI3913F,MBGBXZ Limited,4300,3230,2150
410,HG4652P,MRZDGX Limited,2500,1880,1250
411,PZ3197P,PQDKMO Limited,4900,3680,2450
412,GQ8993O,QBKOYI Limited,4400,3300,2200
413,ZN4456X,YKKFMC Limited,1800,1350,900
414,QA2149L,MRZDGX Limited,3900,2930,1950
415,FI9505N,PQDKMO Limited,4200,3150,2100
416,EB7587P,MBGBXZ Limited,2900,2180,1450
417,LL8173Q,MRZDGX Limited,200,150,100
418,ZE3278K,PQDKMO Limited,3600,2700,1800
419,CI4912D,QBKOYI Limited,300,230,150
420,MK5955L,YKKFMC Limited,2000,1500,1000
421,GZ9631G,MRZDGX Limited,4000,3000,2000
422,DB7082H,PQDKMO Limited,300,230,150
423,MJ3540R,MBGBXZ Limited,3400,2550,1700
424,BI1650H,MRZDGX Limited,2400,1800,1200
425,FB5076I,PQDKMO Limited,2200,1650,1100
426,EB7582H,QBKOYI Limited,4800,3600,2400
427,CC5622B,YKKFMC Limited,3500,2630,1750
428,PH6070J,MRZDGX Limited,2800,2100,1400
429,NF1326E,PQDKMO Limited,1800,1350,900
430,GH9071Z,MBGBXZ Limited,1200,900,600
431,QP7713O,MRZDGX Limited,2100,1580,1050
432,DY5454G,PQDKMO Limited,900,680,450
433,JK2044Z,QBKOYI Limited,2700,2030,1350
434,HI9164N,YKKFMC Limited,4000,3000,2000
435,BO8972F,MRZDGX Limited,2900,2180,1450
436,NQ7193M,PQDKMO Limited,4300,3230,2150
437,FG1690H,MBGBXZ Limited,3800,2850,1900
438,EJ7365B,MRZDGX Limited,4900,3680,2450
439,FI4145L,PQDKMO Limited,1000,750,500
440,JO9122O,QBKOYI Limited,2100,1580,1050
441,HD8879M,YKKFMC Limited,1200,900,600
442,GE3129O,MRZDGX Limited,4800,3600,2400
443,MG2753B,PQDKMO Limited,1200,900,600
444,OD9937N,MBGBXZ Limited,2500,1880,1250
445,ZR7640M,MRZDGX Limited,1600,1200,800
446,OY7711C,PQDKMO Limited,3200,2400,1600
447,XD1672K,QBKOYI Limited,2400,1800,1200
448,LG6038F,YKKFMC Limited,3300,2480,1650
449,CP6115X,MRZDGX Limited,3200,2400,1600
450,RG5865R,PQDKMO Limited,4300,3230,2150
451,BY8405H,MBGBXZ Limited,100,80,50
452,QH8733J,MRZDGX Limited,3200,2400,1600
453,HQ3255J,PQDKMO Limited,1400,1050,700
454,LM6848Y,QBKOYI Limited,4700,3530,2350
455,PA8350H,YKKFMC Limited,2000,1500,1000
456,MZ9237G,MRZDGX Limited,2300,1730,1150
457,LK2257I,PQDKMO Limited,2700,2030,1350
458,YM4531N,MBGBXZ Limited,1100,830,550
459,RQ2205I,MRZDGX Limited,3300,2480,1650
460,MI5930X,PQDKMO Limited,2200,1650,1100
461,IE1306Q,QBKOYI Limited,3000,2250,1500
462,HP2110J,YKKFMC Limited,2900,2180,1450
463,CJ5244G,MRZDGX Limited,2400,1800,1200
464,YC9757L,PQDKMO Limited,4500,3380,2250
465,IZ9596Y,MBGBXZ Limited,2800,2100,1400
466,XB3356L,MRZDGX Limited,2400,1800,1200
467,OP7631B,PQDKMO Limited,2800,2100,1400
468,HI9650F,QBKOYI Limited,1600,1200,800
469,RZ1415R,YKKFMC Limited,4500,3380,2250
470,MG6709Q,MRZDGX Limited,1900,1430,950
471,MG1340D,PQDKMO Limited,500,380,250
472,XK4350D,MBGBXZ Limited,4800,3600,2400
473,GC5837Q,MRZDGX Limited,3600,2700,1800
474,RO1337M,PQDKMO Limited,2700,2030,1350
475,ZB2519P,QBKOYI Limited,1500,1130,750
476,EE6164G,YKKFMC Limited,3500,2630,1750
477,BL2297G,MRZDGX Limited,1800,1350,900
478,BB2405Y,PQDKMO Limited,500,380,250
479,NG4330L,MBGBXZ Limited,2300,1730,1150
480,XG9820O,MRZDGX Limited,4300,3230,2150
481,BK3316I,PQDKMO Limited,4400,3300,2200
482,HC8799G,QBKOYI Limited,3000,2250,1500
483,RB5197C,YKKFMC Limited,1900,1430,950
484,JM9049L,MRZDGX Limited,4800,3600,2400
485,PE4911E,PQDKMO Limited,2100,1580,1050
486,YK4623I,MBGBXZ Limited,700,530,350
487,LJ2442F,MRZDGX Limited,2500,1880,1250
488,BK7746Z,PQDKMO Limited,800,600,400
489,QY8922Y,QBKOYI Limited,3700,2780,1850
490,ZY5241N,YKKFMC Limited,1700,1280,850
491,QP2017X,MRZDGX Limited,300,230,150
492,HM1435N,PQDKMO Limited,200,150,100
493,KF4628J,MBGBXZ Limited,3100,2330,1550
494,JF1916Q,MRZDGX Limited,4900,3680,2450
495,QD8272H,PQDKMO Limited,3700,2780,1850
496,IP1994R,QBKOYI Limited,3900,2930,1950
497,AC3752J,YKKFMC Limited,3000,2250,1500
498,BB6939R,MRZDGX Limited,1300,980,650
499,BQ6763C,PQDKMO Limited,700,530,350
500,FH5982D,MBGBXZ Limited,2500,1880,1250
501,NE9172C,MRZDGX Limited,3700,2780,1850
502,LJ4448F,PQDKMO Limited,3800,2850,1900
503,XO5691E,QBKOYI Limited,4300,3230,2150
504,PR5126Q,YKKFMC Limited,4800,3600,2400
505,OX8280P,MRZDGX Limited,4000,3000,2000
506,YZ2615I,PQDKMO Limited,700,530,350
507,II7106A,MBGBXZ Limited,1000,750,500
508,MO1617L,MRZDGX Limited,1900,1430,950
509,IL2667K,PQDKMO Limited,4800,3600,2400
510,RL3762R,QBKOYI Limited,2500,1880,1250
511,AN8066F,YKKFMC Limited,4800,3600,2400
512,GO4390J,MRZDGX Limited,4800,3600,2400
513,ID9480P,PQDKMO Limited,600,450,300
514,AR5914C,MBGBXZ Limited,2600,1950,1300
515,KR2712A,MRZDGX Limited,4800,3600,2400
516,MF3977B,PQDKMO Limited,3200,2400,1600
517,DD9768J,QBKOYI Limited,3200,2400,1600
518,PK9139H,YKKFMC Limited,3700,2780,1850
519,KX4287J,MRZDGX Limited,1000,750,500
520,FN7847Q,PQDKMO Limited,4700,3530,2350
521,DE3469D,MBGBXZ Limited,2600,1950,1300
522,RY8539P,MRZDGX Limited,1500,1130,750
523,AY5573A,PQDKMO Limited,3000,2250,1500
524,IZ1014J,QBKOYI Limited,2700,2030,1350
525,FP5087M,YKKFMC Limited,1300,980,650
526,JH6833F,MRZDGX Limited,3500,2630,1750
527,QK6682C,PQDKMO Limited,4900,3680,2450
528,BN7805I,MBGBXZ Limited,4300,3230,2150
529,YO3466F,MRZDGX Limited,4500,3380,2250
530,AD8323L,PQDKMO Limited,2200,1650,1100
531,RI9779I,QBKOYI Limited,100,80,50
532,CH7658J,YKKFMC Limited,3400,2550,1700
533,ZR4028G,MRZDGX Limited,3300,2480,1650
534,QR2395K,PQDKMO Limited,600,450,300
535,NX7529G,MBGBXZ Limited,3800,2850,1900
536,AD7699X,MRZDGX Limited,1200,900,600
537,YZ3404M,PQDKMO Limited,3100,2330,1550
538,EB1135G,QBKOYI Limited,600,450,300
539,KR6860D,YKKFMC Limited,2600,1950,1300
540,IA2727F,MRZDGX Limited,1600,1200,800
541,ZN3623G,PQDKMO Limited,1000,750,500
542,LN8656Z,MBGBXZ Limited,1700,1280,850
543,JG9116E,MRZDGX Limited,4600,3450,2300
544,AF5024A,PQDKMO Limited,700,530,350
545,IM2983F,QBKOYI Limited,1100,830,550
546,RK4330Y,YKKFMC Limited,2000,1500,1000
547,MO7272F,MRZDGX Limited,600,450,300
548,ZF3308E,PQDKMO Limited,3200,2400,1600
549,OA6241M,MBGBXZ Limited,300,230,150
550,RH7812G,MRZDGX Limited,1500,1130,750
551,BM4504J,PQDKMO Limited,2400,1800,1200
552,JR1937K,QBKOYI Limited,4500,3380,2250
553,JN7217D,YKKFMC Limited,200,150,100
554,PA7933F,MRZDGX Limited,1000,750,500
555,ZZ7706I,PQDKMO Limited,3900,2930,1950
556,JB3261M,MBGBXZ Limited,200,150,100
557,FR6434C,MRZDGX Limited,4600,3450,2300
558,OK3401N,PQDKMO Limited,4900,3680,2450
559,MC3743H,QBKOYI Limited,4600,3450,2300
560,CX1579K,YKKFMC Limited,600,450,300
561,IY4161D,MRZDGX Limited,3500,2630,1750
562,QN6068Z,PQDKMO Limited,1600,1200,800
563,FF6391P,MBGBXZ Limited,1700,1280,850
564,NG8625X,MRZDGX Limited,500,380,250
565,RG8271Q,PQDKMO Limited,4400,3300,2200
566,FK1526O,QBKOYI Limited,2900,2180,1450
567,QK4785I,YKKFMC Limited,4700,3530,2350
568,MA7958J,MRZDGX Limited,4700,3530,2350
569,BC5776R,PQDKMO Limited,2200,1650,1100
570,KE4666X,MBGBXZ Limited,3400,2550,1700
571,AP2963Y,MRZDGX Limited,500,380,250
572,LM5936R,PQDKMO Limited,1100,830,550
573,PE4705J,QBKOYI Limited,1400,1050,700
574,GE7782X,YKKFMC Limited,4600,3450,2300
575,RD4052E,MRZDGX Limited,800,600,400
576,HY4959X,PQDKMO Limited,3100,2330,1550
577,JY4212R,MBGBXZ Limited,1300,980,650
578,JC6070E,MRZDGX Limited,300,230,150
579,AC7988O,PQDKMO Limited,4500,3380,2250
580,CD3112N,QBKOYI Limited,2000,1500,1000
581,RO8582R,YKKFMC Limited,3900,2930,1950
582,EE1838L,MRZDGX Limited,1900,1430,950
583,AQ7950G,PQDKMO Limited,3700,2780,1850
584,GK6745L,MBGBXZ Limited,2300,1730,1150
585,EZ7431C,MRZDGX Limited,900,680,450
586,ML8798M,PQDKMO Limited,1700,1280,850
587,BF5743N,GLZGQJ Limited,200,150,100
588,PO8971L,AIDOZP Limited,4800,3600,2400
589,AK8725G,HCYDEO Limited,2300,1730,1150
590,DE2027Y,YGPBAM Limited,3100,2330,1550
591,XC5049B,GGBLEB Limited,1700,1280,850
592,RL5686J,DMLKAP Limited,3400,2550,1700
593,RO4538K,NGDMHB Limited,3300,2480,1650
594,PI9627Z,NIILJQ Limited,100,80,50
595,ZK6918G,MLHRGX Limited,300,230,150
596,QP2702O,KPJQZE Limited,3500,2630,1750
597,DD7407H,FMLQKI Limited,1100,830,550
598,OO9661O,LIKEIL Limited,3000,2250,1500
599,JY9853O,BKFRAK Limited,900,680,450
600,LF5492B,GYXNJM Limited,3400,2550,1700
601,IP8527A,JNFYAI Limited,3900,2930,1950
602,JR7077H,OBRERL Limited,1200,900,600
603,DM7144J,OBLZCY Limited,2600,1950,1300
604,RO7936K,NBKNKY Limited,900,680,450
605,RN3761A,AEGEQX Limited,900,680,450
606,NJ1047D,PBAOLR Limited,3100,2330,1550
607,OF1008G,QBKOYI Limited,2100,1580,1050
608,EA2726H,YKKFMC Limited,900,680,450
609,KB6437L,MRZDGX Limited,900,680,450
610,ZK4631O,PQDKMO Limited,2000,1500,1000
611,CR1366R,MBGBXZ Limited,2000,1500,1000
612,QB9222R,MFLKGM Limited,3100,2330,1550
613,HL4700O,FYOOXN Limited,2700,2030,1350
614,NI3658B,ICMFEH Limited,2700,2030,1350
615,MN1354F,RZQGRE Limited,1000,750,500
616,FO2217B,FZEXLD Limited,3600,2700,1800
617,PO4095X,GLZGQJ Limited,2100,1580,1050
618,MP2834G,AIDOZP Limited,1100,830,550
619,RC5608N,HCYDEO Limited,4000,3000,2000
620,FZ6908Q,YGPBAM Limited,300,230,150
621,JX4211F,GGBLEB Limited,3800,2850,1900
622,XJ3800A,DMLKAP Limited,5000,3750,2500
623,XB6093Y,NGDMHB Limited,900,680,450
624,ER4149Y,NIILJQ Limited,1300,980,650
625,MJ7924J,MLHRGX Limited,2700,2030,1350
626,HL2878I,KPJQZE Limited,900,680,450
627,ID1637F,FMLQKI Limited,1700,1280,850
628,YI5913F,LIKEIL Limited,700,530,350
629,AH6174C,JNFYAI Limited,4200,3150,2100
630,XD4779L,OBRERL Limited,4500,3380,2250
631,KQ1941D,OBLZCY Limited,1900,1430,950
632,DL5216X,NBKNKY Limited,4900,3680,2450
633,DE1156N,AEGEQX Limited,1300,980,650
634,FI9108E,PBAOLR Limited,3800,2850,1900
635,HQ2304D,QBKOYI Limited,2200,1650,1100
636,XC4853H,YKKFMC Limited,3300,2480,1650
637,BZ1419A,MRZDGX Limited,4200,3150,2100
638,NA5345A,PQDKMO Limited,4500,3380,2250
639,RM7671X,MBGBXZ Limited,2600,1950,1300
640,BM2361P,MFLKGM Limited,2500,1880,1250
641,XZ2206G,FYOOXN Limited,1700,1280,850
642,BJ3696B,ICMFEH Limited,1000,750,500
643,DE9232P,RZQGRE Limited,1900,1430,950
644,QG4081M,FZEXLD Limited,2000,1500,1000
645,JH3040R,GLZGQJ Limited,4600,3450,2300
646,NJ4678H,AIDOZP Limited,2500,1880,1250
647,PF2530E,HCYDEO Limited,2700,2030,1350
648,PM6496Q,YGPBAM Limited,3000,2250,1500
649,YK7802R,GGBLEB Limited,2300,1730,1150
650,BY7772O,DMLKAP Limited,3000,2250,1500
651,LE7257H,AEGEQX Limited,1000,750,500
652,FK4972J,PBAOLR Limited,1100,830,550
653,DD7373I,QBKOYI Limited,200,150,100
654,JP3403H,YKKFMC Limited,1100,830,550
655,MD8603F,MRZDGX Limited,1900,1430,950
656,YG9716K,PQDKMO Limited,1000,750,500
657,YK3215A,MBGBXZ Limited,1000,750,500
658,ZG6449I,MFLKGM Limited,1600,1200,800
659,CD3901A,FYOOXN Limited,600,450,300
660,KZ8864I,ICMFEH Limited,4800,3600,2400
661,RR7499J,RZQGRE Limited,700,530,350
662,AF1157R,FZEXLD Limited,4500,3380,2250
663,AG3404C,GLZGQJ Limited,3100,2330,1550
664,DD8723R,AIDOZP Limited,4900,3680,2450
665,HR6612N,HCYDEO Limited,3800,2850,1900
666,EO6931M,YGPBAM Limited,3700,2780,1850
667,CK8906L,GGBLEB Limited,500,380,250
668,ML8920I,DMLKAP Limited,600,450,300
669,LI4892P,JNFYAI Limited,4500,3380,2250
670,YP7551C,OBRERL Limited,3500,2630,1750
671,ML2028C,OBLZCY Limited,300,230,150
672,CY8562C,NBKNKY Limited,1600,1200,800
673,PQ8185F,AEGEQX Limited,400,300,200
674,NA3719A,PBAOLR Limited,1400,1050,700
675,EE9967O,QBKOYI Limited,2100,1580,1050
676,BG2568B,YKKFMC Limited,4800,3600,2400
677,HK1351G,MRZDGX Limited,4600,3450,2300
678,JM5830K,PQDKMO Limited,1700,1280,850
679,KA6550N,GLZGQJ Limited,900,680,450
680,JJ2642B,AIDOZP Limited,4000,3000,2000
681,EK9980R,HCYDEO Limited,3000,2250,1500
682,LO3375H,YGPBAM Limited,3800,2850,1900
683,ZF5712Q,GGBLEB Limited,1900,1430,950
684,CL9206N,DMLKAP Limited,4300,3230,2150
685,HO5894Y,NGDMHB Limited,4000,3000,2000
686,MN4280Z,NIILJQ Limited,2400,1800,1200
687,OE4859A,MLHRGX Limited,3300,2480,1650
688,YQ4339H,KPJQZE Limited,500,380,250
689,JR7095X,FMLQKI Limited,1400,1050,700
690,XL1859H,LIKEIL Limited,3500,2630,1750
691,JX6627M,BKFRAK Limited,2000,1500,1000
692,II3115M,GYXNJM Limited,800,600,400
693,IL5234O,JNFYAI Limited,2800,2100,1400
694,OB3864H,OBRERL Limited,2900,2180,1450
695,IF7595K,OBLZCY Limited,4000,3000,2000
696,XZ5176O,NBKNKY Limited,2100,1580,1050
697,NK8113R,AEGEQX Limited,1800,1350,900
698,DD8873E,PBAOLR Limited,1800,1350,900
699,AY5334L,QBKOYI Limited,2500,1880,1250
700,YO3559C,YKKFMC Limited,3900,2930,1950
701,GB8942C,MRZDGX Limited,4800,3600,2400
702,DC6332G,PQDKMO Limited,2300,1730,1150
703,YM5228F,MBGBXZ Limited,2300,1730,1150
704,BJ8299G,MFLKGM Limited,3000,2250,1500
705,JB5037I,FYOOXN Limited,1600,1200,800
706,ZP7712P,ICMFEH Limited,2600,1950,1300
707,OC6163Q,RZQGRE Limited,5000,3750,2500
708,AE3691M,FZEXLD Limited,1600,1200,800
709,CJ1092Q,GLZGQJ Limited,1400,1050,700
710,AB6109F,AIDOZP Limited,1100,830,550
711,XQ8170P,HCYDEO Limited,1700,1280,850
712,AC1704Y,YGPBAM Limited,2300,1730,1150
713,CR7398F,GGBLEB Limited,1000,750,500
714,ZR5717N,DMLKAP Limited,1500,1130,750
715,PK1868H,NGDMHB Limited,2700,2030,1350
716,DR4921J,NIILJQ Limited,2000,1500,1000
717,BE6028X,MLHRGX Limited,4000,3000,2000
718,BO5944A,KPJQZE Limited,1200,900,600
719,OG9158B,FMLQKI Limited,900,680,450
720,MJ1664L,LIKEIL Limited,1700,1280,850
721,RQ2304L,JNFYAI Limited,1100,830,550
722,KN5011B,OBRERL Limited,2900,2180,1450
723,OJ1767G,OBLZCY Limited,400,300,200
724,AA2429O,NBKNKY Limited,3500,2630,1750
725,HC1432Z,AEGEQX Limited,200,150,100
726,QY8809J,PBAOLR Limited,3100,2330,1550
727,CF1950F,QBKOYI Limited,3800,2850,1900
728,DA9460J,YKKFMC Limited,1400,1050,700
729,ZF2787F,MRZDGX Limited,2400,1800,1200
730,IQ5784R,PQDKMO Limited,4900,3680,2450
731,NJ1052Q,MBGBXZ Limited,900,680,450
732,IQ3538L,MFLKGM Limited,4100,3080,2050
733,BB2384D,FYOOXN Limited,4400,3300,2200
734,DY9435X,ICMFEH Limited,4300,3230,2150
735,DH4958G,RZQGRE Limited,1500,1130,750
736,LY6891E,FZEXLD Limited,1200,900,600
737,NM7067N,GLZGQJ Limited,800,600,400
738,EM4190L,AIDOZP Limited,3800,2850,1900
739,EM3439H,HCYDEO Limited,5000,3750,2500
740,YZ2209R,YGPBAM Limited,1000,750,500
741,EA8231L,GGBLEB Limited,2400,1800,1200
742,PE2515D,DMLKAP Limited,1800,1350,900
743,AA8880Q,AEGEQX Limited,3300,2480,1650
744,HG7036O,PBAOLR Limited,2100,1580,1050
745,LB6689J,QBKOYI Limited,900,680,450
746,FK4180M,YKKFMC Limited,4400,3300,2200
747,DE1896L,MRZDGX Limited,3100,2330,1550
748,QB3081X,PQDKMO Limited,2800,2100,1400
749,LC6718E,MBGBXZ Limited,2500,1880,1250
750,PQ1305D,MFLKGM Limited,4600,3450,2300
751,XH4569Q,FYOOXN Limited,2700,2030,1350
752,AB4201O,ICMFEH Limited,2000,1500,1000
753,OY9427O,RZQGRE Limited,3400,2550,1700
754,HE2668D,FZEXLD Limited,4300,3230,2150
755,QI3152X,GLZGQJ Limited,5000,3750,2500
756,GE5899I,AIDOZP Limited,4900,3680,2450
757,EF1617R,HCYDEO Limited,1100,830,550
758,MP6822M,YGPBAM Limited,1100,830,550
759,ZB7639G,GGBLEB Limited,4600,3450,2300
760,GY5118C,DMLKAP Limited,4700,3530,2350
761,LI7908O,JNFYAI Limited,2400,1800,1200
762,CE6586X,OBRERL Limited,1900,1430,950
763,KD3981Y,OBLZCY Limited,3800,2850,1900
764,PG7488J,NBKNKY Limited,4600,3450,2300
765,AF4312E,AEGEQX Limited,1800,1350,900
766,DR9444L,PBAOLR Limited,1500,1130,750
767,GG4421B,QBKOYI Limited,4300,3230,2150
768,LZ4980I,YKKFMC Limited,4200,3150,2100
769,RJ3533P,MRZDGX Limited,1300,980,650
770,EP8341R,PQDKMO Limited,3600,2700,1800
771,QE1814Q,GLZGQJ Limited,4200,3150,2100
772,AN2355O,AIDOZP Limited,4800,3600,2400
773,PB3182H,HCYDEO Limited,500,380,250
774,NF2733M,YGPBAM Limited,3300,2480,1650
775,KH9359Z,GGBLEB Limited,4500,3380,2250
776,EF4814A,DMLKAP Limited,3700,2780,1850
777,QO4326F,NGDMHB Limited,1100,830,550
778,QN8242J,NIILJQ Limited,3700,2780,1850
779,BH8976P,MLHRGX Limited,2100,1580,1050
780,OL4457I,KPJQZE Limited,900,680,450
781,CX4427Q,FMLQKI Limited,200,150,100
782,YC7500H,LIKEIL Limited,4100,3080,2050
783,XY2157D,BKFRAK Limited,3100,2330,1550
784,AG3836G,GYXNJM Limited,800,600,400
785,ND5313Y,JNFYAI Limited,4600,3450,2300
786,QL1961C,OBRERL Limited,4600,3450,2300
787,XI3539X,OBLZCY Limited,1600,1200,800
788,IO5969G,NBKNKY Limited,2100,1580,1050
789,PC9676J,AEGEQX Limited,2900,2180,1450
790,IN8941D,PBAOLR Limited,1100,830,550
791,PK6836K,QBKOYI Limited,500,380,250
792,YY4380D,YKKFMC Limited,4700,3530,2350
793,DF4908A,MRZDGX Limited,1400,1050,700
794,ZJ6660G,PQDKMO Limited,900,680,450
795,GF1256X,MBGBXZ Limited,1600,1200,800
796,FK6915Z,MFLKGM Limited,4700,3530,2350
797,AG9429I,FYOOXN Limited,4000,3000,2000
798,HL8548N,ICMFEH Limited,2300,1730,1150
799,ZQ7683O,RZQGRE Limited,1400,1050,700
800,OM5104B,FZEXLD Limited,3400,2550,1700
801,EM3964H,GLZGQJ Limited,3700,2780,1850
802,QA4670E,AIDOZP Limited,1700,1280,850
803,OL6011H,HCYDEO Limited,2800,2100,1400
804,BK1747E,YGPBAM Limited,4800,3600,2400
805,PL3731L,GGBLEB Limited,2900,2180,1450
806,YB3790E,DMLKAP Limited,3300,2480,1650
807,IJ6764K,NGDMHB Limited,1900,1430,950
808,IN3829P,NIILJQ Limited,3700,2780,1850
809,JX4521H,MLHRGX Limited,900,680,450
810,CI1409X,KPJQZE Limited,2100,1580,1050
811,OK2997I,FMLQKI Limited,900,680,450
812,AP6623R,LIKEIL Limited,2200,1650,1100
813,BJ7096X,JNFYAI Limited,1200,900,600
814,HG2750K,OBRERL Limited,2100,1580,1050
815,RN9754P,OBLZCY Limited,3100,2330,1550
816,NJ5992N,NBKNKY Limited,4400,3300,2200
817,KO2501P,AEGEQX Limited,600,450,300
818,NX8059Q,PBAOLR Limited,4200,3150,2100
819,FN9356Y,QBKOYI Limited,3200,2400,1600
820,XY8042H,YKKFMC Limited,2600,1950,1300
821,KX3824Q,MRZDGX Limited,4500,3380,2250
822,PZ8699Y,PQDKMO Limited,2600,1950,1300
823,LQ9855N,MBGBXZ Limited,3100,2330,1550
824,KC5247L,MFLKGM Limited,600,450,300
825,QD9344N,FYOOXN Limited,2300,1730,1150
826,ND9959A,ICMFEH Limited,4100,3080,2050
827,PE1212L,RZQGRE Limited,4800,3600,2400
828,FM2943B,FZEXLD Limited,3900,2930,1950
829,HC1130A,GLZGQJ Limited,3400,2550,1700
830,MX8002G,AIDOZP Limited,2200,1650,1100
831,HH5003B,HCYDEO Limited,1300,980,650
832,BD9359N,YGPBAM Limited,1600,1200,800
833,KP5366K,GGBLEB Limited,400,300,200
834,YY8904C,DMLKAP Limited,900,680,450
835,DD4802N,AEGEQX Limited,2100,1580,1050
836,PI1600Z,PBAOLR Limited,3000,2250,1500
837,RG9763R,QBKOYI Limited,2300,1730,1150
838,IN2616H,YKKFMC Limited,3800,2850,1900
839,HL6558I,MRZDGX Limited,4100,3080,2050
840,AM3013O,PQDKMO Limited,4200,3150,2100
841,BR8399O,MBGBXZ Limited,4900,3680,2450
842,KA9180Q,MFLKGM Limited,2700,2030,1350
843,IG1615H,FYOOXN Limited,4700,3530,2350
844,OR7548N,ICMFEH Limited,2900,2180,1450
845,LP9037D,RZQGRE Limited,400,300,200
846,JJ5166X,FZEXLD Limited,1700,1280,850
847,YJ9082H,GLZGQJ Limited,1800,1350,900
848,IL9784Q,AIDOZP Limited,1400,1050,700
849,DO5675P,HCYDEO Limited,4900,3680,2450
850,BB8550F,YGPBAM Limited,3200,2400,1600
851,HD8799J,GGBLEB Limited,1500,1130,750
852,LB6223C,DMLKAP Limited,3500,2630,1750
853,MP6999N,JNFYAI Limited,2400,1800,1200
854,BX4811R,OBRERL Limited,3900,2930,1950
855,OR5197F,OBLZCY Limited,4200,3150,2100
856,RC5753L,NBKNKY Limited,600,450,300
857,FM8678Z,AEGEQX Limited,4700,3530,2350
858,BB1592B,PBAOLR Limited,3700,2780,1850
859,ZX9903B,QBKOYI Limited,4600,3450,2300
860,QR5903P,YKKFMC Limited,4200,3150,2100
861,KC3168I,MRZDGX Limited,3500,2630,1750
862,HR2805A,PQDKMO Limited,900,680,450
863,MD5733K,GLZGQJ Limited,3100,2330,1550
864,LF1751A,AIDOZP Limited,3300,2480,1650
865,PA2887L,HCYDEO Limited,700,530,350
866,CH1797M,YGPBAM Limited,3000,2250,1500
867,DN9058Q,GGBLEB Limited,2600,1950,1300
868,QI9309F,DMLKAP Limited,1600,1200,800
869,GL6870L,NGDMHB Limited,3600,2700,1800
870,MJ8305F,NIILJQ Limited,3600,2700,1800
871,AQ7790K,MLHRGX Limited,4900,3680,2450
872,OI5483B,KPJQZE Limited,1700,1280,850
873,AF7626K,FMLQKI Limited,5000,3750,2500
874,CI4046J,LIKEIL Limited,2800,2100,1400
875,BK7450L,BKFRAK Limited,2300,1730,1150
876,XJ2405M,GYXNJM Limited,100,80,50
877,HQ1605F,JNFYAI Limited,3300,2480,1650
878,RD5971E,OBRERL Limited,1300,980,650
879,LO1366J,OBLZCY Limited,1800,1350,900
880,II7615E,NBKNKY Limited,3600,2700,1800
881,QL6045X,AEGEQX Limited,4600,3450,2300
882,AQ1220B,PBAOLR Limited,3900,2930,1950
883,MJ7425I,QBKOYI Limited,4700,3530,2350
884,PR1105C,YKKFMC Limited,3400,2550,1700
885,NY8995O,MRZDGX Limited,1600,1200,800
886,PG8301N,PQDKMO Limited,1400,1050,700
887,XQ5197O,MBGBXZ Limited,2200,1650,1100
888,FC6480N,MFLKGM Limited,3100,2330,1550
889,ZF9974M,FYOOXN Limited,2900,2180,1450
890,XJ9260Q,ICMFEH Limited,1700,1280,850
891,GE9437L,RZQGRE Limited,3800,2850,1900
892,AN4413D,FZEXLD Limited,900,680,450
893,LA9291J,GLZGQJ Limited,3300,2480,1650
894,DF8903G,AIDOZP Limited,2600,1950,1300
895,PI1734Z,HCYDEO Limited,4200,3150,2100
896,MR7974A,YGPBAM Limited,1500,1130,750
897,NC7984Y,GGBLEB Limited,3400,2550,1700
898,MJ1038H,DMLKAP Limited,1100,830,550
899,LQ4621Y,NGDMHB Limited,3300,2480,1650
900,GQ5675N,NIILJQ Limited,1900,1430,950
901,XC4716B,MLHRGX Limited,4700,3530,2350
902,JZ3758M,KPJQZE Limited,2900,2180,1450
903,NC1327H,FMLQKI Limited,1900,1430,950
904,FM8502R,LIKEIL Limited,2400,1800,1200
905,NB6798G,JNFYAI Limited,4400,3300,2200
906,OG3386Q,OBRERL Limited,3500,2630,1750
907,PQ8289L,OBLZCY Limited,1500,1130,750
908,RR1849H,NBKNKY Limited,800,600,400
909,GR3660C,AEGEQX Limited,2400,1800,1200
910,GC5251P,PBAOLR Limited,3100,2330,1550
911,QC7366O,QBKOYI Limited,2700,2030,1350
912,RE2668A,YKKFMC Limited,600,450,300
913,XC3520G,MRZDGX Limited,2700,2030,1350
914,KZ6841C,PQDKMO Limited,4100,3080,2050
915,FM4263G,MBGBXZ Limited,4900,3680,2450
916,BR2943N,MFLKGM Limited,500,380,250
917,GR5701C,FYOOXN Limited,4200,3150,2100
918,CC1168F,ICMFEH Limited,1200,900,600
919,BL2840Y,RZQGRE Limited,400,300,200
920,HB2527G,FZEXLD Limited,600,450,300
921,OM5361Z,GLZGQJ Limited,3500,2630,1750
922,PA5565R,AIDOZP Limited,100,80,50
923,JK1142O,HCYDEO Limited,2400,1800,1200
924,CK8286P,YGPBAM Limited,3600,2700,1800
925,CO7474P,GGBLEB Limited,2000,1500,1000
926,MM2001P,DMLKAP Limited,4100,3080,2050
927,RY2469E,AEGEQX Limited,300,230,150
928,LK3814R,PBAOLR Limited,3900,2930,1950
929,LJ1403R,QBKOYI Limited,2100,1580,1050
930,FJ1707N,YKKFMC Limited,4200,3150,2100
931,BA2808I,MRZDGX Limited,900,680,450
932,XB2589L,PQDKMO Limited,500,380,250
933,DL3974F,MBGBXZ Limited,1200,900,600
934,OE4196M,MFLKGM Limited,2200,1650,1100
935,CI9052M,FYOOXN Limited,2800,2100,1400
936,EC8621O,ICMFEH Limited,900,680,450
937,BZ6180L,RZQGRE Limited,3700,2780,1850
938,MN9444L,FZEXLD Limited,4600,3450,2300
939,RG7209O,GLZGQJ Limited,4000,3000,2000
940,CZ3984L,AIDOZP Limited,3100,2330,1550
941,RP6334Y,HCYDEO Limited,800,600,400
942,RL9371D,YGPBAM Limited,1700,1280,850
943,PQ5253A,GGBLEB Limited,4500,3380,2250
944,CZ9318H,DMLKAP Limited,1300,980,650
945,XE1404C,JNFYAI Limited,4600,3450,2300
946,AQ2002L,OBRERL Limited,2500,1880,1250
947,NK8267C,OBLZCY Limited,2900,2180,1450
948,DH3371Z,NBKNKY Limited,4700,3530,2350
949,ZY2485F,AEGEQX Limited,3800,2850,1900
950,OD1940N,PBAOLR Limited,2300,1730,1150
951,AP4947I,QBKOYI Limited,4200,3150,2100
952,JE2747F,YKKFMC Limited,3800,2850,1900
953,MP7454K,MRZDGX Limited,500,380,250
954,IX5216D,PQDKMO Limited,2000,1500,1000
955,PD5039Z,MBGBXZ Limited,3500,2630,1750
956,HM2981F,MFLKGM Limited,2000,1500,1000
957,DR8533M,FYOOXN Limited,2500,1880,1250
958,JX3194X,ICMFEH Limited,1400,1050,700
959,AO1949K,RZQGRE Limited,3800,2850,1900
960,QN1329O,FZEXLD Limited,1400,1050,700
961,QN9543E,GLZGQJ Limited,1800,1350,900
962,MB5441H,AIDOZP Limited,700,530,350
963,KK6315G,HCYDEO Limited,1000,750,500
964,YI3544N,YGPBAM Limited,4500,3380,2250
965,IR8465J,GGBLEB Limited,4200,3150,2100
966,YR1102X,DMLKAP Limited,300,230,150
967,IG1628E,MRZDGX Limited,800,600,400
968,PA7220E,PQDKMO Limited,1900,1430,950
969,CM6474E,MBGBXZ Limited,2500,1880,1250
970,FX3398C,MFLKGM Limited,3300,2480,1650
971,ZZ1676B,FYOOXN Limited,4300,3230,2150
972,FG3779E,ICMFEH Limited,1700,1280,850
973,LF1385R,RZQGRE Limited,500,380,250
974,ZO8404M,FZEXLD Limited,1000,750,500
975,HY5714C,GLZGQJ Limited,1700,1280,850
976,HB8925F,AIDOZP Limited,3800,2850,1900
977,KL4436I,HCYDEO Limited,3700,2780,1850
978,KA7218Q,YGPBAM Limited,3900,2930,1950
979,OE5860E,GGBLEB Limited,4400,3300,2200
980,XO9963H,DMLKAP Limited,1800,1350,900
981,CZ8696P,NGDMHB Limited,1000,750,500
982,RL4776R,NIILJQ Limited,3800,2850,1900
983,YA9985I,MLHRGX Limited,3400,2550,1700
984,RY9859K,KPJQZE Limited,2900,2180,1450
985,HQ4881P,FMLQKI Limited,1400,1050,700
986,XJ1543X,LIKEIL Limited,1000,750,500
987,RA8656B,JNFYAI Limited,1500,1130,750
988,QX1129E,OBRERL Limited,2800,2100,1400
989,ZX6232J,OBLZCY Limited,3100,2330,1550
990,BH1750P,NBKNKY Limited,1800,1350,900
991,IN2657O,AEGEQX Limited,4700,3530,2350
992,OQ7407O,PBAOLR Limited,4600,3450,2300
993,MR5783L,QBKOYI Limited,3800,2850,1900
994,KQ6569L,YKKFMC Limited,2800,2100,1400
995,ZY1972B,MRZDGX Limited,4000,3000,2000
996,YY3768K,PQDKMO Limited,3400,2550,1700
997,JN1902Z,MBGBXZ Limited,2300,1730,1150
998,EQ4508R,MRZDGX Limited,4600,3450,2300
999,FK3591Z,PQDKMO Limited,2600,1950,1300
1000,RR7052N,MBGBXZ Limited,700,530,350
1001,BE8642Q,MFLKGM Limited,500,380,250
1002,KG5152J,FYOOXN Limited,4300,3230,2150
1003,FZ6364Q,ICMFEH Limited,1400,1050,700
1004,MJ7316F,RZQGRE Limited,2400,1800,1200
1005,NN1046L,FZEXLD Limited,2300,1730,1150
1006,DZ9715N,GLZGQJ Limited,2600,1950,1300
1007,JK1775Z,AIDOZP Limited,2300,1730,1150
1008,QF9359Y,HCYDEO Limited,3400,2550,1700
1009,DX7724J,YGPBAM Limited,500,380,250
1010,FN7434H,GGBLEB Limited,2100,1580,1050
1011,RZ5278A,DMLKAP Limited,1000,750,500
1012,MG9202K,NGDMHB Limited,2000,1500,1000
1013,IK7597I,NIILJQ Limited,200,150,100
1014,OI6278Y,MLHRGX Limited,2500,1880,1250
1015,JD1955Q,KPJQZE Limited,2600,1950,1300
1016,FI3560Q,FMLQKI Limited,1900,1430,950
1017,RK7193O,LIKEIL Limited,3900,2930,1950
1018,EP9309Z,JNFYAI Limited,4600,3450,2300
1019,YE4523Z,OBRERL Limited,2800,2100,1400
1020,JA5207K,OBLZCY Limited,4500,3380,2250
1021,RM7084J,NBKNKY Limited,400,300,200
1022,CX8918J,AEGEQX Limited,2500,1880,1250
1023,CR3363X,PBAOLR Limited,2200,1650,1100
1024,JX2616J,QBKOYI Limited,3900,2930,1950
1025,PX3869F,YKKFMC Limited,600,450,300
1026,CL8207O,MRZDGX Limited,4900,3680,2450
1027,HQ4633G,PQDKMO Limited,3200,2400,1600
1028,EA5148K,MBGBXZ Limited,2700,2030,1350
1029,QE1223A,QBKOYI Limited,3400,2550,1700
1030,ZC6513J,YKKFMC Limited,2300,1730,1150
1031,OB3155M,MRZDGX Limited,2000,1500,1000
1032,ZG6731F,PQDKMO Limited,4100,3080,2050
1033,ER7072L,MBGBXZ Limited,900,680,450
1034,BD2299P,MRZDGX Limited,4700,3530,2350
1035,YQ1394M,PQDKMO Limited,3600,2700,1800
1036,RO1295Z,QBKOYI Limited,2200,1650,1100
1037,LP2542D,YKKFMC Limited,3000,2250,1500
1038,GZ2006E,MRZDGX Limited,2900,2180,1450
1039,FL2017Z,PQDKMO Limited,1100,830,550
1040,MF5324H,MBGBXZ Limited,1900,1430,950
1041,AB5022Y,MRZDGX Limited,3500,2630,1750
1042,PE9847L,PQDKMO Limited,3200,2400,1600
1043,NC7450H,QBKOYI Limited,4900,3680,2450
1044,YH7131G,YKKFMC Limited,300,230,150
1045,RC2440I,MRZDGX Limited,3100,2330,1550
1046,PZ1472J,PQDKMO Limited,3500,2630,1750
1047,ML7479F,MBGBXZ Limited,2800,2100,1400
1048,DN2815O,MRZDGX Limited,2500,1880,1250
1049,IQ4089K,PQDKMO Limited,200,150,100
1050,MZ8902H,QBKOYI Limited,2700,2030,1350
1051,CA9395O,YKKFMC Limited,900,680,450
1052,DR6501B,MRZDGX Limited,3100,2330,1550
1053,DM8333A,PQDKMO Limited,1600,1200,800
1054,IE6429Y,MBGBXZ Limited,2200,1650,1100
1055,HB7972R,MRZDGX Limited,800,600,400
1056,GJ9714Y,PQDKMO Limited,1900,1430,950
1057,CH7147B,QBKOYI Limited,3900,2930,1950
1058,IF6554H,YKKFMC Limited,3700,2780,1850
1059,EZ7477F,MRZDGX Limited,3600,2700,1800
1060,JX4848G,PQDKMO Limited,4200,3150,2100
1061,AK4178X,MBGBXZ Limited,1600,1200,800
1062,LR6311J,MRZDGX Limited,400,300,200
1063,KB6292G,PQDKMO Limited,2700,2030,1350
1064,RC1446Z,QBKOYI Limited,2400,1800,1200
1065,XO5373Q,YKKFMC Limited,2700,2030,1350
1066,QK7376P,MRZDGX Limited,4500,3380,2250
1067,XP9187J,PQDKMO Limited,1400,1050,700
1068,ZF7816G,MBGBXZ Limited,500,380,250
1069,EF9048R,MRZDGX Limited,3400,2550,1700
1070,GN9950H,PQDKMO Limited,1700,1280,850
1071,AJ5042B,QBKOYI Limited,600,450,300
1072,XO5051D,YKKFMC Limited,1900,1430,950
1073,GG5553K,MRZDGX Limited,4100,3080,2050
1074,GX8654H,PQDKMO Limited,3800,2850,1900
1075,BH8249C,MBGBXZ Limited,4500,3380,2250
1076,YF1262G,MRZDGX Limited,1300,980,650
1077,CM3801H,PQDKMO Limited,400,300,200
1078,IB8773I,QBKOYI Limited,2100,1580,1050
1079,EA8246J,YKKFMC Limited,100,80,50
1080,EG2289N,MRZDGX Limited,200,150,100
1081,BO2565Z,PQDKMO Limited,1900,1430,950
1082,QL9119Y,MBGBXZ Limited,4000,3000,2000
1083,GK5566G,MRZDGX Limited,4800,3600,2400
1084,CR9756J,PQDKMO Limited,4700,3530,2350
1085,NP2461L,QBKOYI Limited,3700,2780,1850
1086,DZ2460H,YKKFMC Limited,3300,2480,1650
1087,NL1205X,MRZDGX Limited,100,80,50
1088,ZN7400L,PQDKMO Limited,3300,2480,1650
1089,JR2170A,MBGBXZ Limited,1700,1280,850
1090,HH8128R,MRZDGX Limited,4800,3600,2400
1091,HB1457N,PQDKMO Limited,4000,3000,2000
1092,DB6625P,QBKOYI Limited,2900,2180,1450
1093,IB5634H,YKKFMC Limited,4300,3230,2150
1094,CI3015C,MRZDGX Limited,2400,1800,1200
1095,LF6289Y,PQDKMO Limited,1800,1350,900
1096,XC3856X,MBGBXZ Limited,3200,2400,1600
1097,PJ1390J,MRZDGX Limited,4300,3230,2150
1098,DZ5028K,PQDKMO Limited,2400,1800,1200
1099,PZ4417E,QBKOYI Limited,1500,1130,750
1100,FJ5322A,YKKFMC Limited,3200,2400,1600
1101,PP5963P,MRZDGX Limited,5000,3750,2500
1102,NR8835N,PQDKMO Limited,1300,980,650
1103,FF5470C,MBGBXZ Limited,1900,1430,950
1104,QE3584A,MRZDGX Limited,500,380,250
1105,DH6573I,PQDKMO Limited,3500,2630,1750
1106,QM7312E,QBKOYI Limited,3700,2780,1850
1107,QP2461C,YKKFMC Limited,3500,2630,1750
1108,CQ5304X,MRZDGX Limited,600,450,300
1109,CD6031K,PQDKMO Limited,4600,3450,2300
1110,LZ7774J,MBGBXZ Limited,2100,1580,1050
1111,HK7657E,MRZDGX Limited,2500,1880,1250
1112,RO5522M,PQDKMO Limited,4300,3230,2150
1113,AL5006B,QBKOYI Limited,700,530,350
1114,XK9661I,YKKFMC Limited,800,600,400
1115,HD1748X,MRZDGX Limited,4400,3300,2200
1116,FJ6831X,PQDKMO Limited,1400,1050,700
1117,OQ8758J,MBGBXZ Limited,3800,2850,1900
1118,JK2022M,MRZDGX Limited,1500,1130,750
1119,OE2698D,PQDKMO Limited,3700,2780,1850
1120,ZA7370J,QBKOYI Limited,2200,1650,1100
1121,DO8344R,YKKFMC Limited,4500,3380,2250
1122,HZ8334P,MRZDGX Limited,900,680,450
1123,EG7699O,PQDKMO Limited,400,300,200
1124,QR3405A,MBGBXZ Limited,3200,2400,1600
1125,PZ4071Y,MRZDGX Limited,4900,3680,2450
1126,EO1095B,PQDKMO Limited,3400,2550,1700
1127,GD5222A,QBKOYI Limited,4900,3680,2450
1128,OZ8399H,YKKFMC Limited,2500,1880,1250
1129,PZ5179I,MRZDGX Limited,3700,2780,1850
1130,RD6708X,PQDKMO Limited,600,450,300
1131,KZ8318J,MBGBXZ Limited,3500,2630,1750
1132,JY3083M,MRZDGX Limited,3500,2630,1750
1133,XY2431C,PQDKMO Limited,1600,1200,800
1134,LC3084L,QBKOYI Limited,500,380,250
1135,NG4046F,YKKFMC Limited,1600,1200,800
1136,HK3238C,MRZDGX Limited,1800,1350,900
1137,BM7305D,PQDKMO Limited,2900,2180,1450
1138,GG2239R,MBGBXZ Limited,1100,830,550
1139,CC7309A,MRZDGX Limited,3400,2550,1700
1140,NG1409L,PQDKMO Limited,2100,1580,1050
1141,NI1443A,QBKOYI Limited,3200,2400,1600
1142,HP8438L,YKKFMC Limited,1900,1430,950
1143,QF9161A,MRZDGX Limited,4400,3300,2200
1144,BF2772P,PQDKMO Limited,3600,2700,1800
1145,EM4511G,MBGBXZ Limited,3200,2400,1600
1146,AP8729A,MRZDGX Limited,5000,3750,2500
1147,RZ1969H,PQDKMO Limited,2600,1950,1300
1148,NJ4513X,QBKOYI Limited,2800,2100,1400
1149,ZD8632F,YKKFMC Limited,1800,1350,900
1150,NG4120D,MRZDGX Limited,2500,1880,1250
1151,MR2834Z,PQDKMO Limited,2700,2030,1350
1152,GX4347K,MBGBXZ Limited,1200,900,600
1153,IK8785D,MRZDGX Limited,1200,900,600
1154,DO1183C,PQDKMO Limited,2200,1650,1100
1155,IJ5111C,QBKOYI Limited,3500,2630,1750
1156,NZ1561P,YKKFMC Limited,2700,2030,1350
1157,YH8413A,MRZDGX Limited,2100,1580,1050
1158,AD2062C,PQDKMO Limited,3600,2700,1800
1159,ME8615Q,MBGBXZ Limited,4100,3080,2050
1160,EG2575P,MRZDGX Limited,2100,1580,1050
1161,FI2308Y,PQDKMO Limited,4100,3080,2050
1162,BJ2075J,QBKOYI Limited,4400,3300,2200
1163,CH3175F,YKKFMC Limited,4000,3000,2000
1164,XQ3504Y,MRZDGX Limited,600,450,300
1165,LH2179J,PQDKMO Limited,1300,980,650
1166,DL8297C,MBGBXZ Limited,4400,3300,2200
1167,RM3692P,MRZDGX Limited,3700,2780,1850
1168,NM7397E,PQDKMO Limited,1200,900,600
1169,DI3583P,QBKOYI Limited,700,530,350
1170,OF6058L,YKKFMC Limited,3200,2400,1600
1171,IZ1769F,MRZDGX Limited,4900,3680,2450
1172,ME5100J,PQDKMO Limited,2400,1800,1200
1173,PF1447L,MBGBXZ Limited,4200,3150,2100
1174,BF5035N,MRZDGX Limited,1500,1130,750
1175,BP7669O,PQDKMO Limited,3700,2780,1850
1176,CO2186I,QBKOYI Limited,1700,1280,850
1177,BA2938H,YKKFMC Limited,3900,2930,1950
1178,XR1824D,MRZDGX Limited,3500,2630,1750
1179,JF8454G,PQDKMO Limited,4300,3230,2150
1180,PI1961X,MBGBXZ Limited,900,680,450
1181,GG1060E,MRZDGX Limited,3900,2930,1950
1182,JM9976G,PQDKMO Limited,3000,2250,1500
1183,GN7167J,QBKOYI Limited,1700,1280,850
1184,XH3702F,YKKFMC Limited,500,380,250
1185,QF7619A,MRZDGX Limited,4500,3380,2250
1186,DQ8454E,PQDKMO Limited,2900,2180,1450
1187,YN4220H,MBGBXZ Limited,1500,1130,750
1188,NA1143Q,MRZDGX Limited,1600,1200,800
1189,FD8638C,PQDKMO Limited,100,80,50
1190,OG6304H,QBKOYI Limited,2100,1580,1050
1191,CI2536Y,YKKFMC Limited,2500,1880,1250
1192,QY3983E,MRZDGX Limited,2900,2180,1450
1193,QY7063R,PQDKMO Limited,3800,2850,1900
1194,LP3393P,MBGBXZ Limited,1700,1280,850
1195,GY2313Q,MRZDGX Limited,3600,2700,1800
1196,PK8786C,PQDKMO Limited,300,230,150
1197,IN3764R,QBKOYI Limited,2400,1800,1200
1198,MC3621X,YKKFMC Limited,3500,2630,1750
1199,MQ2148Y,MRZDGX Limited,1900,1430,950
1200,NF4873R,PQDKMO Limited,400,300,200
1201,ZC4438I,MBGBXZ Limited,3700,2780,1850
1202,OM8076X,MRZDGX Limited,3800,2850,1900
1203,ZX3548E,PQDKMO Limited,2700,2030,1350
1204,YH1805B,QBKOYI Limited,4200,3150,2100
1205,CY4735N,YKKFMC Limited,200,150,100
1206,CH9725D,MRZDGX Limited,3700,2780,1850
1207,YM8932Y,PQDKMO Limited,3000,2250,1500
1208,BI3038E,MBGBXZ Limited,700,530,350
1209,ZE2271I,MRZDGX Limited,2600,1950,1300
1210,KE1676P,PQDKMO Limited,2800,2100,1400
1211,LE9558R,QBKOYI Limited,4700,3530,2350
1212,XG9064K,YKKFMC Limited,4400,3300,2200
1213,CZ9828D,MRZDGX Limited,3000,2250,1500
1214,GZ3922C,PQDKMO Limited,200,150,100
1215,RD2326P,MBGBXZ Limited,900,680,450
1216,QP4888D,MRZDGX Limited,300,230,150
1217,HD5808H,PQDKMO Limited,2300,1730,1150
1218,QK4968H,QBKOYI Limited,200,150,100
1219,JN9438G,YKKFMC Limited,3500,2630,1750
1220,RP3894F,MRZDGX Limited,2200,1650,1100
1221,NJ1520E,PQDKMO Limited,2900,2180,1450
1222,DA5559Q,MBGBXZ Limited,2000,1500,1000
1223,DQ9936F,MRZDGX Limited,1800,1350,900
1224,ZC5735G,PQDKMO Limited,1500,1130,750
1225,AM3551X,QBKOYI Limited,4300,3230,2150
1226,XM3528N,YKKFMC Limited,800,600,400
1227,BQ1539M,MRZDGX Limited,3200,2400,1600
1228,JR1979M,PQDKMO Limited,3300,2480,1650
1229,FQ9536K,MBGBXZ Limited,900,680,450
1230,AX9376J,MRZDGX Limited,2900,2180,1450
1231,OX1009F,PQDKMO Limited,1300,980,650
1232,XL3261N,QBKOYI Limited,3900,2930,1950
1233,KK4645F,YKKFMC Limited,3300,2480,1650
1234,OC6937M,MRZDGX Limited,300,230,150
1235,GH7932P,PQDKMO Limited,3900,2930,1950
1236,PR6500C,MBGBXZ Limited,4300,3230,2150
1237,ZL9982Q,MRZDGX Limited,3900,2930,1950
1238,YJ7995J,PQDKMO Limited,800,600,400
1239,YL4843C,QBKOYI Limited,1800,1350,900
1240,NQ4014K,YKKFMC Limited,100,80,50
1241,JX5347N,MRZDGX Limited,2600,1950,1300
1242,GN1757G,PQDKMO Limited,4000,3000,2000
1243,CF7278X,MBGBXZ Limited,3400,2550,1700
1244,MR5189O,MRZDGX Limited,1400,1050,700
1245,PM2640X,PQDKMO Limited,1300,980,650
1246,XD6105M,QBKOYI Limited,3500,2630,1750
1247,OZ1673Y,YKKFMC Limited,300,230,150
1248,QX5086D,MRZDGX Limited,1300,980,650
1249,NR7859I,PQDKMO Limited,800,600,400
1250,EB7258Z,MBGBXZ Limited,3400,2550,1700
1251,EC3021Z,MRZDGX Limited,800,600,400
1252,ON4065I,PQDKMO Limited,2500,1880,1250
1253,KX7126Q,QBKOYI Limited,300,230,150
1254,CY6883Y,YKKFMC Limited,2500,1880,1250
1255,YJ3677B,MRZDGX Limited,1900,1430,950
1256,EH8282D,PQDKMO Limited,200,150,100
1257,LP5981B,MBGBXZ Limited,4000,3000,2000
1258,CG9920N,MRZDGX Limited,1900,1430,950
1259,OC3935K,PQDKMO Limited,4300,3230,2150
1260,GO3539P,QBKOYI Limited,1600,1200,800
1261,OJ7324H,YKKFMC Limited,1100,830,550
1262,PP5998E,MRZDGX Limited,4900,3680,2450
1263,MO3920R,PQDKMO Limited,3300,2480,1650
1264,MQ6431D,MBGBXZ Limited,1800,1350,900
1265,BN7833E,MRZDGX Limited,4100,3080,2050
1266,FZ8052E,PQDKMO Limited,500,380,250
1267,YH5713X,QBKOYI Limited,3300,2480,1650
1268,GC9320F,YKKFMC Limited,1200,900,600
1269,FF8318X,MRZDGX Limited,1500,1130,750
1270,CE9576Y,PQDKMO Limited,4100,3080,2050
1271,QP2750C,MBGBXZ Limited,2100,1580,1050
1272,PQ8570H,MRZDGX Limited,500,380,250
1273,FJ8831B,PQDKMO Limited,3000,2250,1500
1274,FI5622L,QBKOYI Limited,1200,900,600
1275,FG1405N,YKKFMC Limited,4100,3080,2050
1276,BL7554I,MRZDGX Limited,3000,2250,1500
1277,OG3848X,PQDKMO Limited,4200,3150,2100
1278,HQ7444Q,MBGBXZ Limited,2400,1800,1200
1279,YA2781X,MRZDGX Limited,3600,2700,1800
1280,CC5768E,PQDKMO Limited,400,300,200
1281,HJ9653E,QBKOYI Limited,700,530,350
1282,DJ8490P,YKKFMC Limited,600,450,300
1283,IH6497D,MRZDGX Limited,1800,1350,900
1284,BP5582R,PQDKMO Limited,4600,3450,2300
1285,ZB5438X,MBGBXZ Limited,3200,2400,1600
1286,RJ3360A,MRZDGX Limited,2700,2030,1350
1287,DM9350B,PQDKMO Limited,300,230,150
1288,MP4675G,QBKOYI Limited,1700,1280,850
1289,OK4886I,YKKFMC Limited,2000,1500,1000
1290,QI3726M,MRZDGX Limited,3900,2930,1950
1291,YK4724A,PQDKMO Limited,2700,2030,1350
1292,QL3781M,MBGBXZ Limited,4500,3380,2250
1293,BQ5889B,MRZDGX Limited,2700,2030,1350
1294,MX8647Q,PQDKMO Limited,100,80,50
1295,BN7141F,QBKOYI Limited,3800,2850,1900
1296,CR1451A,YKKFMC Limited,1800,1350,900
1297,PN2708P,MRZDGX Limited,300,230,150
1298,IA4077G,PQDKMO Limited,4400,3300,2200
1299,XR9415O,MBGBXZ Limited,2600,1950,1300
1300,IL5487F,MRZDGX Limited,4900,3680,2450
1301,AM9234Z,PQDKMO Limited,2300,1730,1150
1302,JI7892J,QBKOYI Limited,4300,3230,2150
1303,OP1336F,YKKFMC Limited,4500,3380,2250
1304,DQ6838Z,MRZDGX Limited,1400,1050,700
1305,ED7748C,PQDKMO Limited,4100,3080,2050
1306,RF3069P,MBGBXZ Limited,4100,3080,2050
1307,BF5578I,MRZDGX Limited,1900,1430,950
1308,PO3967G,PQDKMO Limited,4000,3000,2000
1309,CI6647I,QBKOYI Limited,1200,900,600
1310,MB2953H,YKKFMC Limited,4600,3450,2300
1311,LN7883O,MRZDGX Limited,3600,2700,1800
1312,MI4744I,PQDKMO Limited,1600,1200,800
1313,GE9564Y,MBGBXZ Limited,1200,900,600
1314,ND5943M,MRZDGX Limited,1900,1430,950
1315,PY5191Y,PQDKMO Limited,3700,2780,1850
1316,GZ1225O,QBKOYI Limited,4700,3530,2350
1317,LX2222J,YKKFMC Limited,1900,1430,950
1318,QD4180Z,MRZDGX Limited,2800,2100,1400
1319,IH1700X,PQDKMO Limited,4600,3450,2300
1320,RC7778P,MBGBXZ Limited,4300,3230,2150
1321,CB5473D,MRZDGX Limited,700,530,350
1322,AN5246C,PQDKMO Limited,2700,2030,1350
1323,OY3871P,QBKOYI Limited,1500,1130,750
1324,OE6625J,YKKFMC Limited,700,530,350
1325,AR2497B,MRZDGX Limited,2400,1800,1200
1326,LR4664J,PQDKMO Limited,1700,1280,850
1327,HK5620Q,MBGBXZ Limited,4300,3230,2150
1328,YG8714R,MRZDGX Limited,600,450,300
1329,JN5950F,PQDKMO Limited,3600,2700,1800
1330,ME5559O,QBKOYI Limited,4900,3680,2450
1331,BN5452I,YKKFMC Limited,2200,1650,1100
1332,DY1566B,MRZDGX Limited,600,450,300
1333,DK1823O,PQDKMO Limited,800,600,400
1334,LR4434R,MBGBXZ Limited,900,680,450
1335,IJ1398P,MRZDGX Limited,700,530,350
1336,NZ7719G,PQDKMO Limited,400,300,200
1337,XQ7587F,QBKOYI Limited,2700,2030,1350
1338,AF4297G,YKKFMC Limited,1700,1280,850
1339,YD7868G,MRZDGX Limited,4000,3000,2000
1340,JM6792A,PQDKMO Limited,1000,750,500
1341,IA4400B,MBGBXZ Limited,4900,3680,2450
1342,ME6197P,MRZDGX Limited,2200,1650,1100
1343,ZJ7195Z,PQDKMO Limited,900,680,450
1344,EI9041X,QBKOYI Limited,300,230,150
1345,IK4422Z,YKKFMC Limited,3200,2400,1600
1346,OF1005F,MRZDGX Limited,1000,750,500
1347,JB3090N,PQDKMO Limited,200,150,100
1348,PE2225K,MBGBXZ Limited,4000,3000,2000
1349,NQ4723E,MRZDGX Limited,2800,2100,1400
1350,CI4985R,PQDKMO Limited,1000,750,500
1351,OK4763N,QBKOYI Limited,2100,1580,1050
1352,QE4800R,YKKFMC Limited,3000,2250,1500
1353,XH8855D,MRZDGX Limited,1500,1130,750
1354,PO6900Z,PQDKMO Limited,3500,2630,1750
1355,FI2108Q,MBGBXZ Limited,3200,2400,1600
1356,QE6112F,MRZDGX Limited,200,150,100
1357,NF3491O,PQDKMO Limited,2500,1880,1250
1358,RJ2384X,QBKOYI Limited,4200,3150,2100
1359,FX9595R,YKKFMC Limited,2100,1580,1050
1360,RJ3376Y,MRZDGX Limited,4800,3600,2400
1361,QR4685I,PQDKMO Limited,4500,3380,2250
1362,GM5853X,MBGBXZ Limited,400,300,200
1363,AK2097P,MRZDGX Limited,4200,3150,2100
1364,KA5597J,PQDKMO Limited,200,150,100
1365,KO6134X,QBKOYI Limited,1900,1430,950
1366,JX7367O,YKKFMC Limited,3300,2480,1650
1367,NA5167L,MRZDGX Limited,1600,1200,800
1368,MZ7925R,PQDKMO Limited,3500,2630,1750
1369,MO8550B,MBGBXZ Limited,1500,1130,750
1370,XY9814H,MRZDGX Limited,2200,1650,1100
1371,XC1774B,PQDKMO Limited,2700,2030,1350
1372,EE6036M,QBKOYI Limited,1900,1430,950
1373,IE5492M,YKKFMC Limited,400,300,200
1374,GO4708M,MRZDGX Limited,3900,2930,1950
1375,ND5014I,PQDKMO Limited,2200,1650,1100
1376,ZO4642O,MBGBXZ Limited,3300,2480,1650
1377,PB7044P,MRZDGX Limited,3300,2480,1650
1378,FI5413Y,PQDKMO Limited,1000,750,500
1379,BY5112L,QBKOYI Limited,3600,2700,1800
1380,QK4065C,YKKFMC Limited,1600,1200,800
1381,QJ9061P,MRZDGX Limited,1000,750,500
1382,OK9518I,PQDKMO Limited,2500,1880,1250
1383,BG9208E,MBGBXZ Limited,2800,2100,1400
1384,LR6059C,MRZDGX Limited,1400,1050,700
1385,IE2318J,PQDKMO Limited,1600,1200,800
1386,JP7883Q,QBKOYI Limited,500,380,250
1387,LP2211O,YKKFMC Limited,4100,3080,2050
1388,LP1065R,MRZDGX Limited,2800,2100,1400
1389,MJ5683J,PQDKMO Limited,2800,2100,1400
1390,EG2358H,MBGBXZ Limited,2100,1580,1050
1391,FN9051X,MRZDGX Limited,3800,2850,1900
1392,GA6780C,PQDKMO Limited,2100,1580,1050
1393,RL6971P,QBKOYI Limited,100,80,50
1394,MB9821F,YKKFMC Limited,1900,1430,950
1395,MF3503B,MRZDGX Limited,2300,1730,1150
1396,PQ3365N,PQDKMO Limited,1900,1430,950
1397,FP8792H,MBGBXZ Limited,1100,830,550
1398,RD2215I,MRZDGX Limited,3000,2250,1500
1399,PK6450F,PQDKMO Limited,700,530,350
1400,GN5097Z,QBKOYI Limited,4700,3530,2350
1401,IO1888Y,YKKFMC Limited,4600,3450,2300
1402,QP3003A,MRZDGX Limited,3400,2550,1700
1403,BI7222D,PQDKMO Limited,1400,1050,700
1404,XH9546X,MBGBXZ Limited,1200,900,600
1405,FQ7095C,MRZDGX Limited,2800,2100,1400
1406,NK4853Z,PQDKMO Limited,700,530,350
1407,BQ1916P,QBKOYI Limited,4000,3000,2000
1408,ZL9572J,YKKFMC Limited,4000,3000,2000
1409,PD4806K,MRZDGX Limited,300,230,150
1410,NH8272R,PQDKMO Limited,1100,830,550
1411,IQ6455O,MBGBXZ Limited,4000,3000,2000
1412,JP5566X,MRZDGX Limited,1600,1200,800
1413,BD3693Z,PQDKMO Limited,2600,1950,1300
1414,NZ5995M,QBKOYI Limited,2000,1500,1000
1415,PQ7981N,YKKFMC Limited,700,530,350
1416,NE5279J,MRZDGX Limited,2900,2180,1450
1417,ZX1284R,PQDKMO Limited,2800,2100,1400
1418,MM7192N,MBGBXZ Limited,3000,2250,1500
1419,RN5635X,MRZDGX Limited,4000,3000,2000
1420,KH2173K,PQDKMO Limited,4600,3450,2300
1421,LJ3822J,QBKOYI Limited,1800,1350,900
1422,HI7764P,YKKFMC Limited,2700,2030,1350
1423,IR7113N,MRZDGX Limited,3700,2780,1850
1424,DI3872D,PQDKMO Limited,700,530,350
1425,EP9821G,MBGBXZ Limited,4700,3530,2350
1426,OH5034R,MRZDGX Limited,600,450,300
1427,JM4595Q,PQDKMO Limited,800,600,400
1428,PM2408O,QBKOYI Limited,3300,2480,1650
1429,HJ9377H,YKKFMC Limited,2700,2030,1350
1430,IL9640B,MRZDGX Limited,2600,1950,1300
1431,DF5474H,PQDKMO Limited,1000,750,500
1432,IM8639N,MBGBXZ Limited,1100,830,550
1433,DA8758K,MRZDGX Limited,4000,3000,2000
1434,DM7134Z,PQDKMO Limited,300,230,150
1435,HE4959R,QBKOYI Limited,300,230,150
1436,MH6216M,YKKFMC Limited,4900,3680,2450
1437,QO4746P,MRZDGX Limited,1300,980,650
1438,BP1478M,PQDKMO Limited,4400,3300,2200
1439,MO2447A,MBGBXZ Limited,2900,2180,1450
1440,GH4323N,MRZDGX Limited,2800,2100,1400
1441,GH6454E,PQDKMO Limited,300,230,150
1442,BQ3205P,QBKOYI Limited,4300,3230,2150
1443,CO9662J,YKKFMC Limited,1400,1050,700
1444,LA2553L,MRZDGX Limited,1900,1430,950
1445,ZM8868F,PQDKMO Limited,2800,2100,1400
1446,BO3979E,MBGBXZ Limited,2000,1500,1000
1447,ZX3222Y,MRZDGX Limited,300,230,150
1448,LB2418X,PQDKMO Limited,2200,1650,1100
1449,XY5886F,GLZGQJ Limited,1900,1430,950
1450,GH9256P,AIDOZP Limited,900,680,450
1451,YN5901E,HCYDEO Limited,2100,1580,1050
1452,CC1046D,YGPBAM Limited,1100,830,550
1453,LF6553O,GGBLEB Limited,900,680,450
1454,GA4335Y,DMLKAP Limited,500,380,250
1455,BH8307P,NGDMHB Limited,4100,3080,2050
1456,YR1086F,NIILJQ Limited,2400,1800,1200
1457,OL4063C,MLHRGX Limited,1100,830,550
1458,DY5460N,KPJQZE Limited,2900,2180,1450
1459,JR4054O,FMLQKI Limited,2600,1950,1300
1460,HO4287Z,LIKEIL Limited,4000,3000,2000
1461,LI2190D,BKFRAK Limited,1000,750,500
1462,NO6230I,GYXNJM Limited,3800,2850,1900
1463,JA6074P,JNFYAI Limited,2400,1800,1200
1464,MG5376P,OBRERL Limited,4500,3380,2250
1465,BB8856R,OBLZCY Limited,2900,2180,1450
1466,OZ6360R,NBKNKY Limited,700,530,350
1467,RE8846K,AEGEQX Limited,4000,3000,2000
1468,NB1248G,PBAOLR Limited,2300,1730,1150
1469,YX1119B,QBKOYI Limited,2300,1730,1150
1470,YL7431D,YKKFMC Limited,2300,1730,1150
1471,MN6201O,MRZDGX Limited,1700,1280,850
1472,JP5540A,PQDKMO Limited,1500,1130,750
1473,JQ2651M,MBGBXZ Limited,2500,1880,1250
1474,II5985A,MFLKGM Limited,1300,980,650
1475,LX9073Q,FYOOXN Limited,1900,1430,950
1476,GK4394M,ICMFEH Limited,3800,2850,1900
1477,OA2483Q,RZQGRE Limited,1500,1130,750
1478,MO7815A,FZEXLD Limited,4900,3680,2450
1479,OA8754D,GLZGQJ Limited,4200,3150,2100
1480,ZF4703D,AIDOZP Limited,3900,2930,1950
1481,YL3683A,HCYDEO Limited,200,150,100
1482,II3855O,YGPBAM Limited,3500,2630,1750
1483,DQ1914Z,GGBLEB Limited,1100,830,550
1484,OG3535K,DMLKAP Limited,3700,2780,1850
1485,XH5081X,NGDMHB Limited,4000,3000,2000
1486,HJ6423O,NIILJQ Limited,2000,1500,1000
1487,ZI8343O,MLHRGX Limited,4400,3300,2200
1488,IY9802N,KPJQZE Limited,4400,3300,2200
1489,NF5178Y,FMLQKI Limited,4200,3150,2100
1490,YD8764I,LIKEIL Limited,1100,830,550
1491,EK6309O,JNFYAI Limited,1600,1200,800
1492,NJ3759A,OBRERL Limited,4500,3380,2250
1493,RB8148N,OBLZCY Limited,3200,2400,1600
1494,FY1647P,NBKNKY Limited,3600,2700,1800
1495,RQ4900D,AEGEQX Limited,3900,2930,1950
1496,QL6143O,PBAOLR Limited,1500,1130,750
1497,FB7873D,QBKOYI Limited,3700,2780,1850
1498,MC5644Z,YKKFMC Limited,2600,1950,1300
1499,OZ7664H,MRZDGX Limited,4400,3300,2200
1500,FC4650J,PQDKMO Limited,100,80,50
1501,RZ7068A,MBGBXZ Limited,3100,2330,1550
1502,JK7959D,MFLKGM Limited,2200,1650,1100
1503,DC1757P,FYOOXN Limited,1500,1130,750
1504,PA6891R,ICMFEH Limited,1000,750,500
1505,QE5941Z,RZQGRE Limited,3500,2630,1750
1506,NM9511O,FZEXLD Limited,1400,1050,700
1507,QJ4555F,GLZGQJ Limited,3700,2780,1850
1508,EP5970E,AIDOZP Limited,700,530,350
1509,CL7117N,HCYDEO Limited,4800,3600,2400
1510,EC8185B,YGPBAM Limited,3900,2930,1950
1511,HJ3319L,GGBLEB Limited,1600,1200,800
1512,DF4833D,DMLKAP Limited,2400,1800,1200
1513,NH1110H,AEGEQX Limited,2300,1730,1150
1514,OA6415C,PBAOLR Limited,2900,2180,1450
1515,PG2277Z,QBKOYI Limited,1200,900,600
1516,FR9147R,YKKFMC Limited,2000,1500,1000
1517,OB7084Q,MRZDGX Limited,600,450,300
1518,FZ2915D,PQDKMO Limited,2800,2100,1400
1519,LA3924X,MBGBXZ Limited,4300,3230,2150
1520,AI4723N,MFLKGM Limited,3500,2630,1750
1521,LD2639O,FYOOXN Limited,3800,2850,1900
1522,IK9283N,ICMFEH Limited,1800,1350,900
1523,AQ9336N,RZQGRE Limited,3800,2850,1900
1524,GP3503E,FZEXLD Limited,4200,3150,2100
1525,IG8830I,GLZGQJ Limited,1500,1130,750
1526,NN1100I,AIDOZP Limited,3400,2550,1700
1527,AL8110F,HCYDEO Limited,2300,1730,1150
1528,OI5467H,YGPBAM Limited,2300,1730,1150
1529,JY4468D,GGBLEB Limited,4900,3680,2450
1530,NO4801Y,DMLKAP Limited,2500,1880,1250
1531,BP7445Z,JNFYAI Limited,3200,2400,1600
1532,IQ3083R,OBRERL Limited,2000,1500,1000
1533,BZ7132I,OBLZCY Limited,3200,2400,1600
1534,PZ1408Y,NBKNKY Limited,200,150,100
1535,LY7731C,AEGEQX Limited,200,150,100
1536,DD8655M,PBAOLR Limited,3900,2930,1950
1537,YG1652N,QBKOYI Limited,2000,1500,1000
1538,LC1869A,YKKFMC Limited,2600,1950,1300
1539,FQ3914D,MRZDGX Limited,4400,3300,2200
1540,OO1017N,PQDKMO Limited,1000,750,500
1541,PD3661F,GLZGQJ Limited,4200,3150,2100
1542,PO5796K,AIDOZP Limited,3900,2930,1950
1543,BF1549B,HCYDEO Limited,1400,1050,700
1544,EM7307R,YGPBAM Limited,1100,830,550
1545,ZB4651B,GGBLEB Limited,200,150,100
1546,DF5825I,DMLKAP Limited,2700,2030,1350
1547,AN7047Z,NGDMHB Limited,4700,3530,2350
1548,HX8326H,NIILJQ Limited,500,380,250
1549,IY6279J,MLHRGX Limited,800,600,400
1550,RK8862E,KPJQZE Limited,3800,2850,1900
1551,NZ9332Z,FMLQKI Limited,1700,1280,850
1552,HR9760P,LIKEIL Limited,2100,1580,1050
1553,RD9351B,BKFRAK Limited,1400,1050,700
1554,BG2582G,GYXNJM Limited,800,600,400
1555,QB6333Y,JNFYAI Limited,1300,980,650
1556,NM5832P,OBRERL Limited,2900,2180,1450
1557,GZ6263D,OBLZCY Limited,3000,2250,1500
1558,XO5641L,NBKNKY Limited,4600,3450,2300
1559,NK7113L,AEGEQX Limited,1500,1130,750
1560,NQ4902G,PBAOLR Limited,200,150,100
1561,RE1400M,QBKOYI Limited,4900,3680,2450
1562,QC3976X,YKKFMC Limited,200,150,100
1563,XJ5802I,MRZDGX Limited,2700,2030,1350
1564,JZ9289M,PQDKMO Limited,3600,2700,1800
1565,JF6307P,MBGBXZ Limited,2700,2030,1350
1566,LI7263G,MFLKGM Limited,3800,2850,1900
1567,KA4843I,FYOOXN Limited,1200,900,600
1568,EI9297P,ICMFEH Limited,3500,2630,1750
1569,CI8932D,RZQGRE Limited,2200,1650,1100
1570,YA4122Z,FZEXLD Limited,2800,2100,1400
1571,GE5838M,GLZGQJ Limited,2300,1730,1150
1572,LO4754Q,AIDOZP Limited,3300,2480,1650
1573,IL9296D,HCYDEO Limited,2900,2180,1450
1574,AL7096Q,YGPBAM Limited,3000,2250,1500
1575,JN9439F,GGBLEB Limited,4800,3600,2400
1576,FL7253J,DMLKAP Limited,500,380,250
1577,RH3720X,NGDMHB Limited,800,600,400
1578,ED1097B,NIILJQ Limited,4800,3600,2400
1579,GA5035L,MLHRGX Limited,4100,3080,2050
1580,JJ3227Z,KPJQZE Limited,2600,1950,1300
1581,LN1538Z,FMLQKI Limited,2600,1950,1300
1582,IQ3755K,LIKEIL Limited,4800,3600,2400
1583,ME9644L,JNFYAI Limited,2200,1650,1100
1584,DG2391M,OBRERL Limited,3600,2700,1800
1585,OZ3193G,OBLZCY Limited,2000,1500,1000
1586,PA7150D,NBKNKY Limited,5000,3750,2500
1587,QZ8453R,AEGEQX Limited,100,80,50
1588,ZL7247Y,PBAOLR Limited,2900,2180,1450
1589,EQ4941C,QBKOYI Limited,4300,3230,2150
1590,LL1323P,YKKFMC Limited,1000,750,500
1591,HQ6670O,MRZDGX Limited,2500,1880,1250
1592,OO4480A,PQDKMO Limited,800,600,400
1593,QK5349L,MBGBXZ Limited,1900,1430,950
1594,DH7957X,MFLKGM Limited,5000,3750,2500
1595,OA1294C,FYOOXN Limited,3900,2930,1950
1596,EJ3168A,ICMFEH Limited,4800,3600,2400
1597,BG9024C,RZQGRE Limited,1300,980,650
1598,ZY9078R,FZEXLD Limited,1900,1430,950
1599,HK8522X,GLZGQJ Limited,5000,3750,2500
1600,FL1426K,AIDOZP Limited,3000,2250,1500
1601,NX8055K,HCYDEO Limited,2400,1800,1200
1602,ID1924B,YGPBAM Limited,1800,1350,900
1603,CM3665X,GGBLEB Limited,1500,1130,750
1604,AH8126J,DMLKAP Limited,3200,2400,1600
1605,PP2461O,AEGEQX Limited,300,230,150
1606,GI3789L,PBAOLR Limited,4400,3300,2200
1607,LI8421A,QBKOYI Limited,500,380,250
1608,OZ8789O,YKKFMC Limited,2300,1730,1150
1609,FX3576K,MRZDGX Limited,2400,1800,1200
1610,KI5343I,PQDKMO Limited,1200,900,600
1611,ER9595L,MBGBXZ Limited,2900,2180,1450
1612,YR3018N,MFLKGM Limited,4800,3600,2400
1613,DO8617G,FYOOXN Limited,200,150,100
1614,EL6793Z,ICMFEH Limited,2500,1880,1250
1615,MK2848B,RZQGRE Limited,2700,2030,1350
1616,QL5426A,FZEXLD Limited,4200,3150,2100
1617,NJ7979X,GLZGQJ Limited,4200,3150,2100
1618,MP6264E,AIDOZP Limited,3900,2930,1950
1619,AZ4975J,HCYDEO Limited,800,600,400
1620,YP7199X,YGPBAM Limited,1100,830,550
1621,NQ2969L,GGBLEB Limited,4000,3000,2000
1622,GO6669O,DMLKAP Limited,2400,1800,1200
1623,YA9884F,JNFYAI Limited,4700,3530,2350
1624,DN6414X,OBRERL Limited,1800,1350,900
1625,CX9206R,OBLZCY Limited,900,680,450
1626,JF2109D,NBKNKY Limited,100,80,50
1627,YI4736B,AEGEQX Limited,3000,2250,1500
1628,NZ8248G,PBAOLR Limited,1600,1200,800
1629,DI5648K,QBKOYI Limited,3400,2550,1700
1630,EQ7918G,YKKFMC Limited,4400,3300,2200
1631,BG6981B,MRZDGX Limited,2800,2100,1400
1632,AY6146A,PQDKMO Limited,3200,2400,1600
1633,ED5974D,GLZGQJ Limited,1300,980,650
1634,EB1210F,AIDOZP Limited,1900,1430,950
1635,QN6242X,HCYDEO Limited,3100,2330,1550
1636,KM8230P,YGPBAM Limited,3200,2400,1600
1637,MY8797N,GGBLEB Limited,2000,1500,1000
1638,DD7703M,DMLKAP Limited,200,150,100
1639,MC6150N,NGDMHB Limited,4600,3450,2300
1640,AQ6985J,NIILJQ Limited,3100,2330,1550
1641,FI6065K,MLHRGX Limited,3600,2700,1800
1642,YL3546A,KPJQZE Limited,1600,1200,800
1643,JI6103B,FMLQKI Limited,4700,3530,2350
1644,BL5855Y,LIKEIL Limited,300,230,150
1645,YK2220O,BKFRAK Limited,700,530,350
1646,FN1045X,GYXNJM Limited,2400,1800,1200
1647,LH9624I,JNFYAI Limited,3500,2630,1750
1648,XK4224P,OBRERL Limited,3400,2550,1700
1649,ZD4608J,OBLZCY Limited,2100,1580,1050
1650,HD2091L,NBKNKY Limited,3700,2780,1850
1651,QP8638G,AEGEQX Limited,4300,3230,2150
1652,JJ4927J,PBAOLR Limited,3100,2330,1550
1653,JA8677Q,QBKOYI Limited,3200,2400,1600
1654,XH1849E,YKKFMC Limited,300,230,150
1655,OJ8719N,MRZDGX Limited,1500,1130,750
1656,RE2943I,PQDKMO Limited,4800,3600,2400
1657,DD5526O,MBGBXZ Limited,1900,1430,950
1658,GP8617B,MFLKGM Limited,300,230,150
1659,KG1437O,FYOOXN Limited,3200,2400,1600
1660,EQ2037B,ICMFEH Limited,2800,2100,1400
1661,AX7509H,RZQGRE Limited,1700,1280,850
1662,KI3598A,FZEXLD Limited,4600,3450,2300
1663,JC5025M,GLZGQJ Limited,1000,750,500
1664,AM2235Z,AIDOZP Limited,3000,2250,1500
1665,XN6158N,HCYDEO Limited,3000,2250,1500
1666,AI9403E,YGPBAM Limited,200,150,100
1667,EL3469F,GGBLEB Limited,1400,1050,700
1668,BZ6930P,DMLKAP Limited,4400,3300,2200
1669,DM1581F,NGDMHB Limited,1900,1430,950
1670,EE6701N,NIILJQ Limited,1500,1130,750
1671,PP2705A,MLHRGX Limited,4800,3600,2400
1672,GY3844Q,KPJQZE Limited,2800,2100,1400
1673,JZ6797Q,FMLQKI Limited,4300,3230,2150
1674,YP5583C,LIKEIL Limited,1900,1430,950
1675,XQ7070Z,JNFYAI Limited,3800,2850,1900
1676,AH8033R,OBRERL Limited,2800,2100,1400
1677,CI2278A,OBLZCY Limited,500,380,250
1678,JF7457R,NBKNKY Limited,1100,830,550
1679,IJ3711M,AEGEQX Limited,3100,2330,1550
1680,HY8503F,PBAOLR Limited,1400,1050,700
1681,QA2438J,QBKOYI Limited,2100,1580,1050
1682,HA9068M,YKKFMC Limited,4900,3680,2450
1683,DH2528F,MRZDGX Limited,3400,2550,1700
1684,MB7287Z,PQDKMO Limited,3800,2850,1900
1685,DY9837P,MBGBXZ Limited,4100,3080,2050
1686,QN8496P,MFLKGM Limited,4600,3450,2300
1687,DN9866G,FYOOXN Limited,2400,1800,1200
1688,XL6342F,ICMFEH Limited,4500,3380,2250
1689,NL6692O,RZQGRE Limited,4300,3230,2150
1690,LC3861J,FZEXLD Limited,1300,980,650
1691,MO9389D,GLZGQJ Limited,1000,750,500
1692,NL7843D,AIDOZP Limited,2100,1580,1050
1693,JK1640A,HCYDEO Limited,2100,1580,1050
1694,IC3599E,YGPBAM Limited,1200,900,600
1695,EJ3754Z,GGBLEB Limited,1000,750,500
1696,YK6063C,DMLKAP Limited,4200,3150,2100
1697,HZ2753G,AEGEQX Limited,2800,2100,1400
1698,OO2614X,PBAOLR Limited,800,600,400
1699,HZ5790R,QBKOYI Limited,2200,1650,1100
1700,BL4751I,YKKFMC Limited,3900,2930,1950
1701,LK8876R,MRZDGX Limited,600,450,300
1702,FH2184N,PQDKMO Limited,4500,3380,2250
1703,AR9219N,MBGBXZ Limited,700,530,350
1704,JP8819Q,MFLKGM Limited,4300,3230,2150
1705,NL1850J,FYOOXN Limited,2500,1880,1250
1706,MF9394R,ICMFEH Limited,4500,3380,2250
1707,BR4259G,RZQGRE Limited,3600,2700,1800
1708,EE2180X,FZEXLD Limited,1700,1280,850
1709,JF7221G,GLZGQJ Limited,3800,2850,1900
1710,LE5202R,AIDOZP Limited,300,230,150
1711,YH4038C,HCYDEO Limited,4000,3000,2000
1712,CE9312N,YGPBAM Limited,3100,2330,1550
1713,YJ6171P,GGBLEB Limited,1700,1280,850
1714,KQ8021Y,DMLKAP Limited,3800,2850,1900
1715,AL9072R,JNFYAI Limited,1000,750,500
1716,MR7128R,OBRERL Limited,2200,1650,1100
1717,GH6566A,OBLZCY Limited,2900,2180,1450
1718,HF5558F,NBKNKY Limited,2200,1650,1100
1719,LK7014M,AEGEQX Limited,1200,900,600
1720,HA6973E,PBAOLR Limited,4600,3450,2300
1721,RR4544N,QBKOYI Limited,1600,1200,800
1722,YA9995B,YKKFMC Limited,600,450,300
1723,EL3638P,MRZDGX Limited,2200,1650,1100
1724,GI3393R,PQDKMO Limited,400,300,200
1725,LL6525M,AEGEQX Limited,400,300,200
1726,IZ4243Q,PBAOLR Limited,900,680,450
1727,IA1473Y,QBKOYI Limited,4700,3530,2350
1728,MO6750D,YKKFMC Limited,200,150,100
1729,ZA5315Y,MRZDGX Limited,3000,2250,1500
1730,OX7950M,PQDKMO Limited,1300,980,650
1731,XL9912F,GLZGQJ Limited,3400,2550,1700
1732,HC7323Q,AIDOZP Limited,4200,3150,2100
1733,EO4350Z,HCYDEO Limited,2800,2100,1400
1734,CD1655O,YGPBAM Limited,3400,2550,1700
1735,CN4141F,GGBLEB Limited,3300,2480,1650
1736,EZ5840F,DMLKAP Limited,2000,1500,1000
1737,MN5476P,NGDMHB Limited,4200,3150,2100
1738,HD6326X,NIILJQ Limited,3300,2480,1650
1739,GL9536B,MLHRGX Limited,800,600,400
1740,ZY8981C,KPJQZE Limited,4900,3680,2450
1741,RX4244L,FMLQKI Limited,200,150,100
1742,KI1955C,LIKEIL Limited,1500,1130,750
1743,KO6373D,BKFRAK Limited,3700,2780,1850
1744,LN6618R,GYXNJM Limited,3900,2930,1950
1745,IC5325E,JNFYAI Limited,3700,2780,1850
1746,MG6142F,OBRERL Limited,4300,3230,2150
1747,CQ2188O,OBLZCY Limited,3400,2550,1700
1748,AL6932F,NBKNKY Limited,4400,3300,2200
1749,IM4642Q,AEGEQX Limited,500,380,250
1750,PF2413L,PBAOLR Limited,3400,2550,1700
1751,XZ3189D,QBKOYI Limited,3300,2480,1650
1752,DY4842P,YKKFMC Limited,2000,1500,1000
1753,KO6632Q,MRZDGX Limited,3800,2850,1900
1754,LD8610P,PQDKMO Limited,4100,3080,2050
1755,FO1130L,MBGBXZ Limited,900,680,450
1756,NJ4421K,MFLKGM Limited,3200,2400,1600
1757,EK6854Y,FYOOXN Limited,2800,2100,1400
1758,BL4850L,ICMFEH Limited,1900,1430,950
1759,HL2745X,RZQGRE Limited,3300,2480,1650
1760,YR9018K,FZEXLD Limited,700,530,350
1761,GJ2843I,GLZGQJ Limited,900,680,450
1762,BG4790B,AIDOZP Limited,4100,3080,2050
1763,XA6867R,HCYDEO Limited,3400,2550,1700
1764,JN3384P,YGPBAM Limited,1300,980,650
1765,RR7061M,GGBLEB Limited,1100,830,550
1766,DA3047M,DMLKAP Limited,200,150,100
1767,CX3583O,NGDMHB Limited,1100,830,550
1768,EN2392J,NIILJQ Limited,1000,750,500
1769,ND5621P,MLHRGX Limited,1000,750,500
1770,JH3481P,KPJQZE Limited,2300,1730,1150
1771,GQ8808Z,FMLQKI Limited,500,380,250
1772,YN1750G,LIKEIL Limited,4900,3680,2450
1773,NI9902H,JNFYAI Limited,4800,3600,2400
1774,EG7747R,OBRERL Limited,3400,2550,1700
1775,EL9157J,OBLZCY Limited,300,230,150
1776,YN1307B,NBKNKY Limited,1200,900,600
1777,NR2807K,AEGEQX Limited,2900,2180,1450
1778,ZG8898D,PBAOLR Limited,1200,900,600
1779,CH6071J,QBKOYI Limited,3900,2930,1950
1780,JO6877Z,YKKFMC Limited,4000,3000,2000
1781,IX5158A,MRZDGX Limited,900,680,450
1782,YR7800Y,PQDKMO Limited,3000,2250,1500
1783,YY3713Y,MBGBXZ Limited,1200,900,600
1784,FQ3575D,MFLKGM Limited,700,530,350
1785,MC4111N,FYOOXN Limited,3300,2480,1650
1786,IJ1527I,ICMFEH Limited,2100,1580,1050
1787,RN6346N,RZQGRE Limited,2200,1650,1100
1788,RF5251E,FZEXLD Limited,3500,2630,1750
1789,RY6747M,GLZGQJ Limited,2800,2100,1400
1790,LA2087I,AIDOZP Limited,4700,3530,2350
1791,NB6907A,HCYDEO Limited,3400,2550,1700
1792,QN7533B,YGPBAM Limited,1100,830,550
1793,PH9995N,GGBLEB Limited,1400,1050,700
1794,IN7091E,DMLKAP Limited,4400,3300,2200
1795,EL5311E,AEGEQX Limited,4200,3150,2100
1796,DI1247D,PBAOLR Limited,3600,2700,1800
1797,QC5291O,QBKOYI Limited,400,300,200
1798,RL5696L,YKKFMC Limited,700,530,350
1799,NM3111C,MRZDGX Limited,2800,2100,1400
1800,HM6533J,PQDKMO Limited,1900,1430,950
1801,FH5433A,MBGBXZ Limited,3700,2780,1850
1802,RD1135D,MFLKGM Limited,3200,2400,1600
1803,DY4390E,FYOOXN Limited,4200,3150,2100
1804,FE9156X,ICMFEH Limited,4700,3530,2350
1805,NA5859J,RZQGRE Limited,3500,2630,1750
1806,GN3057J,FZEXLD Limited,1300,980,650
1807,GM4833Y,GLZGQJ Limited,3000,2250,1500
1808,YR8517O,AIDOZP Limited,1800,1350,900
1809,OF8695Z,HCYDEO Limited,200,150,100
1810,XR5158P,YGPBAM Limited,4700,3530,2350
1811,QY8555X,GGBLEB Limited,4000,3000,2000
1812,HJ7833E,DMLKAP Limited,1000,750,500
1813,OJ5505O,JNFYAI Limited,600,450,300
1814,ME7118A,OBRERL Limited,3500,2630,1750
1815,BR5777Y,OBLZCY Limited,3100,2330,1550
1816,BH3736J,NBKNKY Limited,500,380,250
1817,YR1893P,AEGEQX Limited,1600,1200,800
1818,DP6391G,PBAOLR Limited,100,80,50
1819,AP1949M,QBKOYI Limited,3800,2850,1900
1820,ZE2338F,YKKFMC Limited,800,600,400
1821,ZH5856D,MRZDGX Limited,3200,2400,1600
1822,HC9119H,PQDKMO Limited,2300,1730,1150
1823,LX7304F,KPJQZE Limited,2500,1880,1250
1824,XZ1108N,FMLQKI Limited,3600,2700,1800
1825,FK7786J,LIKEIL Limited,2600,1950,1300
1826,FB9963J,BKFRAK Limited,2800,2100,1400
1827,DR4627C,GYXNJM Limited,1100,830,550
1828,ZD7170L,JNFYAI Limited,2200,1650,1100
1829,HL4004O,OBRERL Limited,3000,2250,1500
1830,YZ8452J,OBLZCY Limited,2700,2030,1350
1831,GO5157O,NBKNKY Limited,200,150,100
1832,BK1178K,AEGEQX Limited,3100,2330,1550
1833,MA1275R,PBAOLR Limited,5000,3750,2500
1834,AE4780R,QBKOYI Limited,1300,980,650
1835,DB9934O,YKKFMC Limited,1500,1130,750
1836,XA7818E,MRZDGX Limited,300,230,150
1837,BE1234K,PQDKMO Limited,3700,2780,1850
1838,RF6640P,MBGBXZ Limited,2900,2180,1450
1839,LF8308P,MFLKGM Limited,4600,3450,2300
1840,JZ3892J,FYOOXN Limited,3900,2930,1950
1841,YI5623P,ICMFEH Limited,3600,2700,1800
1842,OK8199P,RZQGRE Limited,1400,1050,700
1843,MZ2368Q,FZEXLD Limited,3900,2930,1950
1844,GL9772Z,GLZGQJ Limited,3100,2330,1550
1845,RA3162P,AIDOZP Limited,2000,1500,1000
1846,DL8064B,HCYDEO Limited,4700,3530,2350
1847,DN7257Z,YGPBAM Limited,3300,2480,1650
1848,LF2436H,GGBLEB Limited,4300,3230,2150
1849,CB9681B,DMLKAP Limited,500,380,250
1850,BX4127X,NGDMHB Limited,2900,2180,1450
1851,KB8949Y,NIILJQ Limited,2400,1800,1200
1852,GG9937Y,MLHRGX Limited,4900,3680,2450
1853,OC3006Y,KPJQZE Limited,2300,1730,1150
1854,IH4457F,FMLQKI Limited,4600,3450,2300
1855,RG6063F,LIKEIL Limited,200,150,100
1856,YQ6703Z,JNFYAI Limited,1200,900,600
1857,JI1788I,OBRERL Limited,1400,1050,700
1858,GG9282J,OBLZCY Limited,200,150,100
1859,EM7585B,NBKNKY Limited,3800,2850,1900
1860,FG8155Y,AEGEQX Limited,3700,2780,1850
1861,MB3339C,PBAOLR Limited,3900,2930,1950
1862,ZK9772B,QBKOYI Limited,900,680,450
1863,LL5866I,YKKFMC Limited,1700,1280,850
1864,QQ5623C,MRZDGX Limited,1700,1280,850
1865,AA8959B,PQDKMO Limited,3400,2550,1700
1866,PK6234I,MBGBXZ Limited,4400,3300,2200
1867,AL4278A,MFLKGM Limited,500,380,250
1868,MK1678H,FYOOXN Limited,1700,1280,850
1869,KD1081G,ICMFEH Limited,2500,1880,1250
1870,CK7141G,RZQGRE Limited,1300,980,650
1871,RI3554B,FZEXLD Limited,2900,2180,1450
1872,NE7372R,GLZGQJ Limited,2100,1580,1050
1873,AL7056D,AIDOZP Limited,1900,1430,950
1874,ON4469A,HCYDEO Limited,2700,2030,1350
1875,EN2402P,YGPBAM Limited,1100,830,550
1876,QR3390C,GGBLEB Limited,1800,1350,900
1877,FC9156O,DMLKAP Limited,1300,980,650
1878,QL9446J,AEGEQX Limited,1200,900,600
1879,ID7372H,PBAOLR Limited,3600,2700,1800
1880,JK3415P,QBKOYI Limited,300,230,150
1881,FZ1400A,YKKFMC Limited,1100,830,550
1882,YC4484F,MRZDGX Limited,500,380,250
1883,OH9350A,PQDKMO Limited,2500,1880,1250
1884,JK7551D,MBGBXZ Limited,3300,2480,1650
1885,QZ9961N,MFLKGM Limited,1500,1130,750
1886,ZQ1818E,FYOOXN Limited,4500,3380,2250
1887,OQ5298X,ICMFEH Limited,400,300,200
1888,OR1811D,RZQGRE Limited,3300,2480,1650
1889,GQ2022B,FZEXLD Limited,2200,1650,1100
1890,BA7941E,GLZGQJ Limited,4000,3000,2000
1891,MZ5959R,AIDOZP Limited,4400,3300,2200
1892,ZN1723D,HCYDEO Limited,900,680,450
1893,PY1695O,YGPBAM Limited,1400,1050,700
1894,NC2793F,GGBLEB Limited,3400,2550,1700
1895,CE3777R,DMLKAP Limited,4200,3150,2100
1896,FN2747N,JNFYAI Limited,4800,3600,2400
1897,AX2781E,OBRERL Limited,4800,3600,2400
1898,RQ4254O,OBLZCY Limited,2300,1730,1150
1899,AI4105H,NBKNKY Limited,4200,3150,2100
1900,PK5030B,AEGEQX Limited,4800,3600,2400
1901,IK4495B,PBAOLR Limited,2700,2030,1350
1902,NK7985E,QBKOYI Limited,4600,3450,2300
1903,ZG3096A,YKKFMC Limited,4300,3230,2150
1904,ZN9686J,MRZDGX Limited,4500,3380,2250
1905,OZ1523H,PQDKMO Limited,400,300,200
1906,FG2038N,FYOOXN Limited,2900,2180,1450
1907,FA7207Y,ICMFEH Limited,4400,3300,2200
1908,PJ9080F,RZQGRE Limited,700,530,350
1909,IP8592K,FZEXLD Limited,800,600,400
1910,YP2237B,GLZGQJ Limited,4800,3600,2400
1911,BL7388N,AIDOZP Limited,2000,1500,1000
1912,GM2001G,HCYDEO Limited,900,680,450
1913,BQ2471L,YGPBAM Limited,2600,1950,1300
1914,CM8042P,GGBLEB Limited,3700,2780,1850
1915,JL4345O,DMLKAP Limited,1200,900,600
1916,FJ6702D,NGDMHB Limited,2800,2100,1400
1917,MQ2758A,NIILJQ Limited,2600,1950,1300
1918,YM4255E,MLHRGX Limited,800,600,400
1919,HG9290H,KPJQZE Limited,3400,2550,1700
1920,QY5454Y,FMLQKI Limited,900,680,450
1921,JG4924Z,LIKEIL Limited,4900,3680,2450
1922,PX2224I,JNFYAI Limited,2700,2030,1350
1923,CC6294D,OBRERL Limited,4300,3230,2150
1924,ZY7991L,OBLZCY Limited,2600,1950,1300
1925,BB2496E,NBKNKY Limited,2200,1650,1100
1926,QP6909A,AEGEQX Limited,4700,3530,2350
1927,LO8983A,PBAOLR Limited,3500,2630,1750
1928,KK3901N,QBKOYI Limited,1900,1430,950
1929,CN7260N,YKKFMC Limited,2600,1950,1300
1930,DM5280H,MRZDGX Limited,3600,2700,1800
1931,QE6826Z,PQDKMO Limited,1600,1200,800
1932,GE1788Z,MBGBXZ Limited,900,680,450
1933,FE9160K,MFLKGM Limited,1900,1430,950
1934,PG1405A,FYOOXN Limited,4000,3000,2000
1935,OX8487H,ICMFEH Limited,5000,3750,2500
1936,CC4857D,RZQGRE Limited,2600,1950,1300
1937,OO6839O,FZEXLD Limited,4500,3380,2250
1938,KZ7890N,GLZGQJ Limited,5000,3750,2500
1939,CB3541X,AIDOZP Limited,4200,3150,2100
1940,RB9295X,HCYDEO Limited,300,230,150
1941,JO4274F,YGPBAM Limited,1400,1050,700
1942,HO1682M,GGBLEB Limited,3000,2250,1500
1943,PZ8716B,DMLKAP Limited,4300,3230,2150
1944,AJ1565I,AEGEQX Limited,900,680,450
1945,DP2683K,PBAOLR Limited,4300,3230,2150
1946,OH6631L,QBKOYI Limited,1500,1130,750
1947,OP9438Y,YKKFMC Limited,4300,3230,2150
1948,AL7416Q,MRZDGX Limited,4500,3380,2250
1949,OR7612F,PQDKMO Limited,100,80,50
1950,PB7764Y,MBGBXZ Limited,4100,3080,2050
1951,OG8724I,MFLKGM Limited,1800,1350,900
1952,AX1491E,FYOOXN Limited,4400,3300,2200
1953,QP2236X,ICMFEH Limited,4500,3380,2250
1954,PH4485E,RZQGRE Limited,3400,2550,1700
1955,QC6805I,FZEXLD Limited,2600,1950,1300
1956,JX3650L,GLZGQJ Limited,4000,3000,2000
1957,AF5958J,AIDOZP Limited,4600,3450,2300
1958,OA4778P,HCYDEO Limited,1900,1430,950
1959,RK1110M,YGPBAM Limited,1700,1280,850
1960,QN1815N,GGBLEB Limited,4000,3000,2000
1961,DE4849D,DMLKAP Limited,2900,2180,1450
1962,CE7343K,JNFYAI Limited,3100,2330,1550
1963,KF3475H,OBRERL Limited,1500,1130,750
1964,FD8772R,OBLZCY Limited,3500,2630,1750
1965,LM2110I,NBKNKY Limited,100,80,50
1966,GX1656G,AEGEQX Limited,1300,980,650
1967,RO4378H,PBAOLR Limited,4500,3380,2250
1968,GC8936N,QBKOYI Limited,1000,750,500
1969,AK4362R,YKKFMC Limited,4700,3530,2350
1970,HP9756H,MRZDGX Limited,2100,1580,1050
1971,YF2317O,PQDKMO Limited,1800,1350,900
1972,HB1044L,FYOOXN Limited,1400,1050,700
1973,CO4271P,ICMFEH Limited,4100,3080,2050
1974,DD4764X,RZQGRE Limited,1100,830,550
1975,PD3244Z,FZEXLD Limited,3900,2930,1950
1976,DF2501Z,GLZGQJ Limited,1000,750,500
1977,OP5164A,AIDOZP Limited,2900,2180,1450
1978,PX6505B,HCYDEO Limited,1200,900,600
1979,CN6004P,YGPBAM Limited,1000,750,500
1980,EX2150H,GGBLEB Limited,800,600,400
1981,BK8328C,DMLKAP Limited,4100,3080,2050
1982,YC5158N,NGDMHB Limited,1700,1280,850
1983,IZ3554P,NIILJQ Limited,100,80,50
1984,BZ8430D,MLHRGX Limited,4900,3680,2450
1985,KZ4878L,KPJQZE Limited,2300,1730,1150
1986,HF9850A,FMLQKI Limited,4800,3600,2400
1987,ZP4308I,LIKEIL Limited,2900,2180,1450
1988,MX4282E,JNFYAI Limited,2500,1880,1250
1989,KO4358D,OBRERL Limited,400,300,200
1990,AH8675L,OBLZCY Limited,1100,830,550
1991,NM4748Q,NBKNKY Limited,3200,2400,1600
1992,FN8032P,AEGEQX Limited,3500,2630,1750
1993,FZ9513H,PBAOLR Limited,1800,1350,900
1994,CK2927H,QBKOYI Limited,1400,1050,700
1995,IG1126Z,YKKFMC Limited,200,150,100
1996,BX7635C,MRZDGX Limited,1600,1200,800
1997,QB5496I,PQDKMO Limited,3400,2550,1700
1998,LK2455E,MBGBXZ Limited,1100,830,550
1999,QR6235I,MFLKGM Limited,3100,2330,1550
2000,NM5489X,FYOOXN Limited,2600,1950,1300
